WL;B1;B2;B3;B4;B5;B6;B7;B8;B8A;B9;B10;B11;B12
300;0;0;0;0;0;0;0;0;0;0;0;0;0
301;0;0;0;0;0;0;0;0;0;0;0;0;0
302;0;0;0;0;0;0;0;0;0;0;0;0;0
303;0;0;0;0;0;0;0;0;0;0;0;0;0
304;0;0;0;0;0;0;0;0;0;0;0;0;0
305;0;0;0;0;0;0;0;0;0;0;0;0;0
306;0;0;0;0;0;0;0;0;0;0;0;0;0
307;0;0;0;0;0;0;0;0;0;0;0;0;0
308;0;0;0;0;0;0;0;0;0;0;0;0;0
309;0;0;0;0;0;0;0;0;0;0;0;0;0
310;0;0;0;0;0;0;0;0;0;0;0;0;0
311;0;0;0;0;0;0;0;0;0;0;0;0;0
312;0;0;0;0;0;0;0;0;0;0;0;0;0
313;0;0;0;0;0;0;0;0;0;0;0;0;0
314;0;0;0;0;0;0;0;0;0;0;0;0;0
315;0;0;0;0;0;0;0;0;0;0;0;0;0
316;0;0;0;0;0;0;0;0;0;0;0;0;0
317;0;0;0;0;0;0;0;0;0;0;0;0;0
318;0;0;0;0;0;0;0;0;0;0;0;0;0
319;0;0;0;0;0;0;0;0;0;0;0;0;0
320;0;0;0;0;0;0;0;0;0;0;0;0;0
321;0;0;0;0;0;0;0;0;0;0;0;0;0
322;0;0;0;0;0;0;0;0;0;0;0;0;0
323;0;0;0;0;0;0;0;0;0;0;0;0;0
324;0;0;0;0;0;0;0;0;0;0;0;0;0
325;0;0;0;0;0;0;0;0;0;0;0;0;0
326;0;0;0;0;0;0;0;0;0;0;0;0;0
327;0;0;0;0;0;0;0;0;0;0;0;0;0
328;0;0;0;0;0;0;0;0;0;0;0;0;0
329;0;0;0;0;0;0;0;0;0;0;0;0;0
330;0;0;0;0;0;0;0;0;0;0;0;0;0
331;0;0;0;0;0;0;0;0;0;0;0;0;0
332;0;0;0;0;0;0;0;0;0;0;0;0;0
333;0;0;0;0;0;0;0;0;0;0;0;0;0
334;0;0;0;0;0;0;0;0;0;0;0;0;0
335;0;0;0;0;0;0;0;0;0;0;0;0;0
336;0;0;0;0;0;0;0;0;0;0;0;0;0
337;0;0;0;0;0;0;0;0;0;0;0;0;0
338;0;0;0;0;0;0;0;0;0;0;0;0;0
339;0;0;0;0;0;0;0;0;0;0;0;0;0
340;0;0;0;0;0;0;0;0;0;0;0;0;0
341;0;0;0;0;0;0;0;0;0;0;0;0;0
342;0;0;0;0;0;0;0;0;0;0;0;0;0
343;0;0;0;0;0;0;0;0;0;0;0;0;0
344;0;0;0;0;0;0;0;0;0;0;0;0;0
345;0;0;0;0;0;0;0;0;0;0;0;0;0
346;0;0;0;0;0;0;0;0;0;0;0;0;0
347;0;0;0;0;0;0;0;0;0;0;0;0;0
348;0;0;0;0;0;0;0;0;0;0;0;0;0
349;0;0;0;0;0;0;0;0;0;0;0;0;0
350;0;0;0;0;0;0;0;0;0;0;0;0;0
351;0;0;0;0;0;0;0;0;0;0;0;0;0
352;0;0;0;0;0;0;0;0;0;0;0;0;0
353;0;0;0;0;0;0;0;0;0;0;0;0;0
354;0;0;0;0;0;0;0;0;0;0;0;0;0
355;0;0;0;0;0;0;0;0;0;0;0;0;0
356;0;0;0;0;0;0;0;0;0;0;0;0;0
357;0;0;0;0;0;0;0;0;0;0;0;0;0
358;0;0;0;0;0;0;0;0;0;0;0;0;0
359;0;0;0;0;0;0;0;0;0;0;0;0;0
360;0;0;0;0;0;0;0;0;0;0;0;0;0
361;0;0;0;0;0;0;0;0;0;0;0;0;0
362;0;0;0;0;0;0;0;0;0;0;0;0;0
363;0;0;0;0;0;0;0;0;0;0;0;0;0
364;0;0;0;0;0;0;0;0;0;0;0;0;0
365;0;0;0;0;0;0;0;0;0;0;0;0;0
366;0;0;0;0;0;0;0;0;0;0;0;0;0
367;0;0;0;0;0;0;0;0;0;0;0;0;0
368;0;0;0;0;0;0;0;0;0;0;0;0;0
369;0;0;0;0;0;0;0;0;0;0;0;0;0
370;0;0;0;0;0;0;0;0;0;0;0;0;0
371;0;0;0;0;0;0;0;0;0;0;0;0;0
372;0;0;0;0;0;0;0;0;0;0;0;0;0
373;0;0;0;0;0;0;0;0;0;0;0;0;0
374;0;0;0;0;0;0;0;0;0;0;0;0;0
375;0;0;0;0;0;0;0;0;0;0;0;0;0
376;0;0;0;0;0;0;0;0;0;0;0;0;0
377;0;0;0;0;0;0;0;0;0;0;0;0;0
378;0;0;0;0;0;0;0;0;0;0;0;0;0
379;0;0;0;0;0;0;0;0;0;0;0;0;0
380;0;0;0;0;0;0;0;0;0;0;0;0;0
381;0;0;0;0;0;0;0;0;0;0;0;0;0
382;0;0;0;0;0;0;0;0;0;0;0;0;0
383;0;0;0;0;0;0;0;0;0;0;0;0;0
384;0;0;0;0;0;0;0;0;0;0;0;0;0
385;0;0;0;0;0;0;0;0;0;0;0;0;0
386;0;0;0;0;0;0;0;0;0;0;0;0;0
387;0;0;0;0;0;0;0;0;0;0;0;0;0
388;0;0;0;0;0;0;0;0;0;0;0;0;0
389;0;0;0;0;0;0;0;0;0;0;0;0;0
390;0;0;0;0;0;0;0;0;0;0;0;0;0
391;0;0;0;0;0;0;0;0;0;0;0;0;0
392;0;0;0;0;0;0;0;0;0;0;0;0;0
393;0;0;0;0;0;0;0;0;0;0;0;0;0
394;0;0;0;0;0;0;0;0;0;0;0;0;0
395;0;0;0;0;0;0;0;0;0;0;0;0;0
396;0;0;0;0;0;0;0;0;0;0;0;0;0
397;0;0;0;0;0;0;0;0;0;0;0;0;0
398;0;0;0;0;0;0;0;0;0;0;0;0;0
399;0;0;0;0;0;0;0;0;0;0;0;0;0
400;0;0;0;0;0;0;0;0;0;0;0;0;0
401;0;0;0;0;0;0;0;0;0;0;0;0;0
402;0;0;0;0;0;0;0;0;0;0;0;0;0
403;0;0;0;0;0;0;0;0;0;0;0;0;0
404;0;0;0;0;0;0;0;0;0;0;0;0;0
405;0;0;0;0;0;0;0;0;0;0;0;0;0
406;0;0;0;0;0;0;0;0;0;0;0;0;0
407;0;0;0;0;0;0;0;0;0;0;0;0;0
408;0;0;0;0;0;0;0;0;0;0;0;0;0
409;0;0;0;0;0;0;0;0;0;0;0;0;0
410;0;0;0;0;0;0;0;0;0;0;0;0;0
411;0.0062411;0;0;0;0;0;0;0;0;0;0;0;0
412;0.01024045;0;0;0;0;0;0;0;0;0;0;0;0
413;0.00402983;0;0;0;0;0;0;0;0;0;0;0;0
414;0.00642179;0;0;0;0;0;0;0;0;0;0;0;0
415;0.00552753;0;0;0;0;0;0;0;0;0;0;0;0
416;0.0065525;0;0;0;0;0;0;0;0;0;0;0;0
417;0.00409887;0;0;0;0;0;0;0;0;0;0;0;0
418;0.006297;0;0;0;0;0;0;0;0;0;0;0;0
419;0.00436742;0;0;0;0;0;0;0;0;0;0;0;0
420;0.00233356;0;0;0;0;0;0;0;0;0;0;0;0
421;0.00058162;0;0;0;0;0;0;0;0;0;0;0;0
422;0.00202276;0;0;0;0;0;0;0;0;0;0;0;0
423;0.00294328;0;0;0;0;0;0;0;0;0;0;0;0
424;0.00485362;0;0;0;0;0;0;0;0;0;0;0;0
425;0.00317041;0;0;0;0;0;0;0;0;0;0;0;0
426;0.00237657;0;0;0;0;0;0;0;0;0;0;0;0
427;0.00234612;0;0;0;0;0;0;0;0;0;0;0;0
428;0.00440152;0;0;0;0;0;0;0;0;0;0;0;0
429;0.01292397;0;0;0;0;0;0;0;0;0;0;0;0
430;0.05001678;0;0;0;0;0;0;0;0;0;0;0;0
431;0.18650104;0;0;0;0;0;0;0;0;0;0;0;0
432;0.45441623;0;0;0;0;0;0;0;0;0;0;0;0
433;0.72307877;0;0;0;0;0;0;0;0;0;0;0;0
434;0.83999211;0;0;0;0;0;0;0;0;0;0;0;0
435;0.86456334;0;0;0;0;0;0;0;0;0;0;0;0
436;0.87472096;0;0;0;0;0;0;0;0;0;0;0;0
437;0.89215296;0;0;0;0;0;0;0;0;0;0;0;0
438;0.91090814;0;0;0;0;0;0;0;0;0;0;0;0
439;0.92588017;0;0;0;0;0;0;0;0;0;0;0;0
440;0.93924094;0;0;0;0;0;0;0;0;0;0;0;0
441;0.94491826;0;0;0;0;0;0;0;0;0;0;0;0
442;0.95078529;0;0;0;0;0;0;0;0;0;0;0;0
443;0.96803023;0;0;0;0;0;0;0;0;0;0;0;0
444;0.99939195;0;0;0;0;0;0;0;0;0;0;0;0
445;1;0;0;0;0;0;0;0;0;0;0;0;0
446;0.97548364;0;0;0;0;0;0;0;0;0;0;0;0
447;0.96148351;0;0;0;0;0;0;0;0;0;0;0;0
448;0.94986211;0;0;0;0;0;0;0;0;0;0;0;0
449;0.91841452;0;0;0;0;0;0;0;0;0;0;0;0
450;0.87989802;0;0;0;0;0;0;0;0;0;0;0;0
451;0.80383677;0;0;0;0;0;0;0;0;0;0;0;0
452;0.59752075;0;0;0;0;0;0;0;0;0;0;0;0
453;0.30474132;0;0;0;0;0;0;0;0;0;0;0;0
454;0.10798014;0;0;0;0;0;0;0;0;0;0;0;0
455;0.0304465;0;0;0;0;0;0;0;0;0;0;0;0
456;0.00885119;0.05529541;0;0;0;0;0;0;0;0;0;0;0
457;0;0.12005068;0;0;0;0;0;0;0;0;0;0;0
458;0;0.25199051;0;0;0;0;0;0;0;0;0;0;0
459;0;0.4623617;0;0;0;0;0;0;0;0;0;0;0
460;0;0.65162379;0;0;0;0;0;0;0;0;0;0;0
461;0;0.77642171;0;0;0;0;0;0;0;0;0;0;0
462;0;0.82319091;0;0;0;0;0;0;0;0;0;0;0
463;0;0.83083116;0;0;0;0;0;0;0;0;0;0;0
464;0;0.83382106;0;0;0;0;0;0;0;0;0;0;0
465;0;0.837526;0;0;0;0;0;0;0;0;0;0;0
466;0;0.86304286;0;0;0;0;0;0;0;0;0;0;0
467;0;0.88226141;0;0;0;0;0;0;0;0;0;0;0
468;0;0.90486326;0;0;0;0;0;0;0;0;0;0;0
469;0;0.92043837;0;0;0;0;0;0;0;0;0;0;0
470;0;0.93602675;0;0;0;0;0;0;0;0;0;0;0
471;0;0.930533;0;0;0;0;0;0;0;0;0;0;0
472;0;0.92714067;0;0;0;0;0;0;0;0;0;0;0
473;0;0.9161479;0;0;0;0;0;0;0;0;0;0;0
474;0;0.90551724;0;0;0;0;0;0;0;0;0;0;0
475;0;0.89745515;0;0;0;0;0;0;0;0;0;0;0
476;0;0.90266694;0;0;0;0;0;0;0;0;0;0;0
477;0;0.90854264;0;0;0;0;0;0;0;0;0;0;0
478;0;0.92047913;0;0;0;0;0;0;0;0;0;0;0
479;0;0.92417935;0;0;0;0;0;0;0;0;0;0;0
480;0;0.91845025;0;0;0;0;0;0;0;0;0;0;0
481;0;0.90743244;0;0;0;0;0;0;0;0;0;0;0
482;0;0.89733983;0;0;0;0;0;0;0;0;0;0;0
483;0;0.88646415;0;0;0;0;0;0;0;0;0;0;0
484;0;0.87189983;0;0;0;0;0;0;0;0;0;0;0
485;0;0.85643973;0;0;0;0;0;0;0;0;0;0;0
486;0;0.84473414;0;0;0;0;0;0;0;0;0;0;0
487;0;0.84190734;0;0;0;0;0;0;0;0;0;0;0
488;0;0.85644111;0;0;0;0;0;0;0;0;0;0;0
489;0;0.87782724;0;0;0;0;0;0;0;0;0;0;0
490;0;0.90261174;0;0;0;0;0;0;0;0;0;0;0
491;0;0.91840544;0;0;0;0;0;0;0;0;0;0;0
492;0;0.94585847;0;0;0;0;0;0;0;0;0;0;0
493;0;0.96887192;0;0;0;0;0;0;0;0;0;0;0
494;0;0.99336135;0;0;0;0;0;0;0;0;0;0;0
495;0;0.99927899;0;0;0;0;0;0;0;0;0;0;0
496;0;1;0;0;0;0;0;0;0;0;0;0;0
497;0;0.99520325;0;0;0;0;0;0;0;0;0;0;0
498;0;0.98412711;0;0;0;0;0;0;0;0;0;0;0
499;0;0.97947473;0;0;0;0;0;0;0;0;0;0;0
500;0;0.97808297;0;0;0;0;0;0;0;0;0;0;0
501;0;0.97213439;0;0;0;0;0;0;0;0;0;0;0
502;0;0.96277794;0;0;0;0;0;0;0;0;0;0;0
503;0;0.95342234;0;0;0;0;0;0;0;0;0;0;0
504;0;0.93802376;0;0;0;0;0;0;0;0;0;0;0
505;0;0.92460144;0;0;0;0;0;0;0;0;0;0;0
506;0;0.90932642;0;0;0;0;0;0;0;0;0;0;0
507;0;0.90192251;0;0;0;0;0;0;0;0;0;0;0
508;0;0.89184298;0;0;0;0;0;0;0;0;0;0;0
509;0;0.88963556;0;0;0;0;0;0;0;0;0;0;0
510;0;0.89146958;0;0;0;0;0;0;0;0;0;0;0
511;0;0.89877911;0;0;0;0;0;0;0;0;0;0;0
512;0;0.91056869;0;0;0;0;0;0;0;0;0;0;0
513;0;0.92427362;0;0;0;0;0;0;0;0;0;0;0
514;0;0.93823555;0;0;0;0;0;0;0;0;0;0;0
515;0;0.95311791;0;0;0;0;0;0;0;0;0;0;0
516;0;0.97150808;0;0;0;0;0;0;0;0;0;0;0
517;0;0.98737003;0;0;0;0;0;0;0;0;0;0;0
518;0;0.99658514;0;0;0;0;0;0;0;0;0;0;0
519;0;0.99367959;0;0;0;0;0;0;0;0;0;0;0
520;0;0.98144714;0;0;0;0;0;0;0;0;0;0;0
521;0;0.95874415;0;0;0;0;0;0;0;0;0;0;0
522;0;0.89291635;0;0;0;0;0;0;0;0;0;0;0
523;0;0.73566218;0;0;0;0;0;0;0;0;0;0;0
524;0;0.52060373;0;0;0;0;0;0;0;0;0;0;0
525;0;0.3322804;0;0;0;0;0;0;0;0;0;0;0
526;0;0.19492197;0;0;0;0;0;0;0;0;0;0;0
527;0;0.11732617;0;0;0;0;0;0;0;0;0;0;0
528;0;0.07507304;0;0;0;0;0;0;0;0;0;0;0
529;0;0.05094154;0;0;0;0;0;0;0;0;0;0;0
530;0;0.03213016;0;0;0;0;0;0;0;0;0;0;0
531;0;0.01510217;0;0;0;0;0;0;0;0;0;0;0
532;0;0.00447984;0;0;0;0;0;0;0;0;0;0;0
533;0;0;0;0;0;0;0;0;0;0;0;0;0
534;0;0;0;0;0;0;0;0;0;0;0;0;0
535;0;0;0;0;0;0;0;0;0;0;0;0;0
536;0;0;0.00188039;0;0;0;0;0;0;0;0;0;0
537;0;0;0.01545903;0;0;0;0;0;0;0;0;0;0
538;0;0;0.03660414;0;0;0;0;0;0;0;0;0;0
539;0;0;0.08100583;0;0;0;0;0;0;0;0;0;0
540;0;0;0.16917887;0;0;0;0;0;0;0;0;0;0
541;0;0;0.33278274;0;0;0;0;0;0;0;0;0;0
542;0;0;0.58622794;0;0;0;0;0;0;0;0;0;0
543;0;0;0.80916412;0;0;0;0;0;0;0;0;0;0
544;0;0;0.913051;0;0;0;0;0;0;0;0;0;0
545;0;0;0.94472284;0;0;0;0;0;0;0;0;0;0
546;0;0;0.94898813;0;0;0;0;0;0;0;0;0;0
547;0;0;0.94369132;0;0;0;0;0;0;0;0;0;0
548;0;0;0.92845674;0;0;0;0;0;0;0;0;0;0
549;0;0;0.91256938;0;0;0;0;0;0;0;0;0;0
550;0;0;0.90078036;0;0;0;0;0;0;0;0;0;0
551;0;0;0.89958598;0;0;0;0;0;0;0;0;0;0
552;0;0;0.90547138;0;0;0;0;0;0;0;0;0;0
553;0;0;0.92045355;0;0;0;0;0;0;0;0;0;0
554;0;0;0.94065665;0;0;0;0;0;0;0;0;0;0
555;0;0;0.96199681;0;0;0;0;0;0;0;0;0;0
556;0;0;0.98186744;0;0;0;0;0;0;0;0;0;0
557;0;0;0.9985841;0;0;0;0;0;0;0;0;0;0
558;0;0;1;0;0;0;0;0;0;0;0;0;0
559;0;0;0.99279888;0;0;0;0;0;0;0;0;0;0
560;0;0;0.97801325;0;0;0;0;0;0;0;0;0;0
561;0;0;0.95301174;0;0;0;0;0;0;0;0;0;0
562;0;0;0.9266333;0;0;0;0;0;0;0;0;0;0
563;0;0;0.89359131;0;0;0;0;0;0;0;0;0;0
564;0;0;0.86941793;0;0;0;0;0;0;0;0;0;0
565;0;0;0.84827;0;0;0;0;0;0;0;0;0;0
566;0;0;0.83908301;0;0;0;0;0;0;0;0;0;0
567;0;0;0.83206209;0;0;0;0;0;0;0;0;0;0
568;0;0;0.8291787;0;0;0;0;0;0;0;0;0;0
569;0;0;0.83305844;0;0;0;0;0;0;0;0;0;0
570;0;0;0.84630939;0;0;0;0;0;0;0;0;0;0
571;0;0;0.86396307;0;0;0;0;0;0;0;0;0;0
572;0;0;0.87268076;0;0;0;0;0;0;0;0;0;0
573;0;0;0.86818339;0;0;0;0;0;0;0;0;0;0
574;0;0;0.8554947;0;0;0;0;0;0;0;0;0;0
575;0;0;0.80839054;0;0;0;0;0;0;0;0;0;0
576;0;0;0.67650876;0;0;0;0;0;0;0;0;0;0
577;0;0;0.45584205;0;0;0;0;0;0;0;0;0;0
578;0;0;0.24737576;0;0;0;0;0;0;0;0;0;0
579;0;0;0.12765465;0;0;0;0;0;0;0;0;0;0
580;0;0;0.0589016;0;0;0;0;0;0;0;0;0;0
581;0;0;0.02564742;0;0;0;0;0;0;0;0;0;0
582;0;0;0.00515905;0;0;0;0;0;0;0;0;0;0
583;0;0;0;0;0;0;0;0;0;0;0;0;0
584;0;0;0;0;0;0;0;0;0;0;0;0;0
585;0;0;0;0;0;0;0;0;0;0;0;0;0
586;0;0;0;0;0;0;0;0;0;0;0;0;0
587;0;0;0;0;0;0;0;0;0;0;0;0;0
588;0;0;0;0;0;0;0;0;0;0;0;0;0
589;0;0;0;0;0;0;0;0;0;0;0;0;0
590;0;0;0;0;0;0;0;0;0;0;0;0;0
591;0;0;0;0;0;0;0;0;0;0;0;0;0
592;0;0;0;0;0;0;0;0;0;0;0;0;0
593;0;0;0;0;0;0;0;0;0;0;0;0;0
594;0;0;0;0;0;0;0;0;0;0;0;0;0
595;0;0;0;0;0;0;0;0;0;0;0;0;0
596;0;0;0;0;0;0;0;0;0;0;0;0;0
597;0;0;0;0;0;0;0;0;0;0;0;0;0
598;0;0;0;0;0;0;0;0;0;0;0;0;0
599;0;0;0;0;0;0;0;0;0;0;0;0;0
600;0;0;0;0;0;0;0;0;0;0;0;0;0
601;0;0;0;0;0;0;0;0;0;0;0;0;0
602;0;0;0;0;0;0;0;0;0;0;0;0;0
603;0;0;0;0;0;0;0;0;0;0;0;0;0
604;0;0;0;0;0;0;0;0;0;0;0;0;0
605;0;0;0;0;0;0;0;0;0;0;0;0;0
606;0;0;0;0;0;0;0;0;0;0;0;0;0
607;0;0;0;0;0;0;0;0;0;0;0;0;0
608;0;0;0;0;0;0;0;0;0;0;0;0;0
609;0;0;0;0;0;0;0;0;0;0;0;0;0
610;0;0;0;0;0;0;0;0;0;0;0;0;0
611;0;0;0;0;0;0;0;0;0;0;0;0;0
612;0;0;0;0;0;0;0;0;0;0;0;0;0
613;0;0;0;0;0;0;0;0;0;0;0;0;0
614;0;0;0;0;0;0;0;0;0;0;0;0;0
615;0;0;0;0;0;0;0;0;0;0;0;0;0
616;0;0;0;0;0;0;0;0;0;0;0;0;0
617;0;0;0;0;0;0;0;0;0;0;0;0;0
618;0;0;0;0;0;0;0;0;0;0;0;0;0
619;0;0;0;0;0;0;0;0;0;0;0;0;0
620;0;0;0;0;0;0;0;0;0;0;0;0;0
621;0;0;0;0;0;0;0;0;0;0;0;0;0
622;0;0;0;0;0;0;0;0;0;0;0;0;0
623;0;0;0;0;0;0;0;0;0;0;0;0;0
624;0;0;0;0;0;0;0;0;0;0;0;0;0
625;0;0;0;0;0;0;0;0;0;0;0;0;0
626;0;0;0;0;0;0;0;0;0;0;0;0;0
627;0;0;0;0;0;0;0;0;0;0;0;0;0
628;0;0;0;0;0;0;0;0;0;0;0;0;0
629;0;0;0;0;0;0;0;0;0;0;0;0;0
630;0;0;0;0;0;0;0;0;0;0;0;0;0
631;0;0;0;0;0;0;0;0;0;0;0;0;0
632;0;0;0;0;0;0;0;0;0;0;0;0;0
633;0;0;0;0;0;0;0;0;0;0;0;0;0
634;0;0;0;0;0;0;0;0;0;0;0;0;0
635;0;0;0;0;0;0;0;0;0;0;0;0;0
636;0;0;0;0;0;0;0;0;0;0;0;0;0
637;0;0;0;0;0;0;0;0;0;0;0;0;0
638;0;0;0;0;0;0;0;0;0;0;0;0;0
639;0;0;0;0;0;0;0;0;0;0;0;0;0
640;0;0;0;0;0;0;0;0;0;0;0;0;0
641;0;0;0;0;0;0;0;0;0;0;0;0;0
642;0;0;0;0;0;0;0;0;0;0;0;0;0
643;0;0;0;0;0;0;0;0;0;0;0;0;0
644;0;0;0;0;0;0;0;0;0;0;0;0;0
645;0;0;0;0;0;0;0;0;0;0;0;0;0
646;0;0;0;0.00499358;0;0;0;0;0;0;0;0;0
647;0;0;0;0.02642563;0;0;0;0;0;0;0;0;0
648;0;0;0;0.11905127;0;0;0;0;0;0;0;0;0
649;0;0;0;0.333204;0;0;0;0;0;0;0;0;0
650;0;0;0;0.59813448;0;0;0;0;0;0;0;0;0
651;0;0;0;0.80612041;0;0;0;0;0;0;0;0;0
652;0;0;0;0.91152955;0;0;0;0;0;0;0;0;0
653;0;0;0;0.92179127;0;0;0;0;0;0;0;0;0
654;0;0;0;0.91677167;0;0;0;0;0;0;0;0;0
655;0;0;0;0.90751672;0;0;0;0;0;0;0;0;0
656;0;0;0;0.89867522;0;0;0;0;0;0;0;0;0
657;0;0;0;0.89413622;0;0;0;0;0;0;0;0;0
658;0;0;0;0.89685141;0;0;0;0;0;0;0;0;0
659;0;0;0;0.89933396;0;0;0;0;0;0;0;0;0
660;0;0;0;0.90191681;0;0;0;0;0;0;0;0;0
661;0;0;0;0.90710817;0;0;0;0;0;0;0;0;0
662;0;0;0;0.9164622;0;0;0;0;0;0;0;0;0
663;0;0;0;0.92908702;0;0;0;0;0;0;0;0;0
664;0;0;0;0.9426682;0;0;0;0;0;0;0;0;0
665;0;0;0;0.95591935;0;0;0;0;0;0;0;0;0
666;0;0;0;0.96854537;0;0;0;0;0;0;0;0;0
667;0;0;0;0.98264967;0;0;0;0;0;0;0;0;0
668;0;0;0;0.99231022;0;0;0;0;0;0;0;0;0
669;0;0;0;1;0;0;0;0;0;0;0;0;0
670;0;0;0;0.99904114;0;0;0;0;0;0;0;0;0
671;0;0;0;0.99257339;0;0;0;0;0;0;0;0;0
672;0;0;0;0.97943242;0;0;0;0;0;0;0;0;0
673;0;0;0;0.96553214;0;0;0;0;0;0;0;0;0
674;0;0;0;0.95377013;0;0;0;0;0;0;0;0;0
675;0;0;0;0.94146127;0;0;0;0;0;0;0;0;0
676;0;0;0;0.92151286;0;0;0;0;0;0;0;0;0
677;0;0;0;0.89308475;0;0;0;0;0;0;0;0;0
678;0;0;0;0.83539461;0;0;0;0;0;0;0;0;0
679;0;0;0;0.69759082;0;0;0;0;0;0;0;0;0
680;0;0;0;0.49483622;0;0;0;0;0;0;0;0;0
681;0;0;0;0.27886075;0;0;0;0;0;0;0;0;0
682;0;0;0;0.10892715;0;0;0;0;0;0;0;0;0
683;0;0;0;0.03028701;0;0;0;0;0;0;0;0;0
684;0;0;0;0.00747382;0;0;0;0;0;0;0;0;0
685;0;0;0;0.00087148;0;0;0;0;0;0;0;0;0
686;0;0;0;0;0;0;0;0;0;0;0;0;0
687;0;0;0;0;0;0;0;0;0;0;0;0;0
688;0;0;0;0;0;0;0;0;0;0;0;0;0
689;0;0;0;0;0;0;0;0;0;0;0;0;0
690;0;0;0;0;0;0;0;0;0;0;0;0;0
691;0;0;0;0;0;0;0;0;0;0;0;0;0
692;0;0;0;0;0;0;0;0;0;0;0;0;0
693;0;0;0;0;0;0;0;0;0;0;0;0;0
694;0;0;0;0;0.01042619;0;0;0;0;0;0;0;0
695;0;0;0;0;0.05713826;0;0;0;0;0;0;0;0
696;0;0;0;0;0.21461286;0;0;0;0;0;0;0;0
697;0;0;0;0;0.54715702;0;0;0;0;0;0;0;0
698;0;0;0;0;0.87088164;0;0;0;0;0;0;0;0
699;0;0;0;0;0.96808183;0;0;0;0;0;0;0;0
700;0;0;0;0;0.99104427;0;0;0;0;0;0;0;0
701;0;0;0;0;1;0;0;0;0;0;0;0;0
702;0;0;0;0;0.99512875;0;0;0;0;0;0;0;0
703;0;0;0;0;0.98751456;0;0;0;0;0;0;0;0
704;0;0;0;0;0.97910038;0;0;0;0;0;0;0;0
705;0;0;0;0;0.97035979;0;0;0;0;0;0;0;0
706;0;0;0;0;0.95875454;0;0;0;0;0;0;0;0
707;0;0;0;0;0.94130694;0;0;0;0;0;0;0;0
708;0;0;0;0;0.92531149;0;0;0;0;0;0;0;0
709;0;0;0;0;0.89283152;0;0;0;0;0;0;0;0
710;0;0;0;0;0.76531084;0;0;0;0;0;0;0;0
711;0;0;0;0;0.50228771;0;0;0;0;0;0;0;0
712;0;0;0;0;0.17957688;0;0;0;0;0;0;0;0
713;0;0;0;0;0.0337948;0;0;0;0;0;0;0;0
714;0;0;0;0;0.00240526;0;0;0;0;0;0;0;0
715;0;0;0;0;0;0;0;0;0;0;0;0;0
716;0;0;0;0;0;0;0;0;0;0;0;0;0
717;0;0;0;0;0;0;0;0;0;0;0;0;0
718;0;0;0;0;0;0;0;0;0;0;0;0;0
719;0;0;0;0;0;0;0;0;0;0;0;0;0
720;0;0;0;0;0;0;0;0;0;0;0;0;0
721;0;0;0;0;0;0;0;0;0;0;0;0;0
722;0;0;0;0;0;0;0;0;0;0;0;0;0
723;0;0;0;0;0;0;0;0;0;0;0;0;0
724;0;0;0;0;0;0;0;0;0;0;0;0;0
725;0;0;0;0;0;0;0;0;0;0;0;0;0
726;0;0;0;0;0;0;0;0;0;0;0;0;0
727;0;0;0;0;0;0;0;0;0;0;0;0;0
728;0;0;0;0;0;0;0;0;0;0;0;0;0
729;0;0;0;0;0;0;0;0;0;0;0;0;0
730;0;0;0;0;0;0.01739744;0;0;0;0;0;0;0
731;0;0;0;0;0;0.10565746;0;0;0;0;0;0;0
732;0;0;0;0;0;0.38571484;0;0;0;0;0;0;0
733;0;0;0;0;0;0.78168196;0;0;0;0;0;0;0
734;0;0;0;0;0;0.90518378;0;0;0;0;0;0;0
735;0;0;0;0;0;0.91562509;0;0;0;0;0;0;0
736;0;0;0;0;0;0.92258804;0;0;0;0;0;0;0
737;0;0;0;0;0;0.93134141;0;0;0;0;0;0;0
738;0;0;0;0;0;0.9469604;0;0;0;0;0;0;0
739;0;0;0;0;0;0.96535098;0;0;0;0;0;0;0
740;0;0;0;0;0;0.97817455;0;0;0;0;0;0;0
741;0;0;0;0;0;0.99107716;0;0;0;0;0;0;0
742;0;0;0;0;0;0.99990615;0;0;0;0;0;0;0
743;0;0;0;0;0;1;0;0;0;0;0;0;0
744;0;0;0;0;0;0.97144118;0;0;0;0;0;0;0
745;0;0;0;0;0;0.81937503;0;0;0;0;0;0;0
746;0;0;0;0;0;0.46748011;0;0;0;0;0;0;0
747;0;0;0;0;0;0.09409351;0;0;0;0;0;0;0
748;0;0;0;0;0;0.00983236;0;0;0;0;0;0;0
749;0;0;0;0;0;0;0;0;0;0;0;0;0
750;0;0;0;0;0;0;0;0;0;0;0;0;0
751;0;0;0;0;0;0;0;0;0;0;0;0;0
752;0;0;0;0;0;0;0;0;0;0;0;0;0
753;0;0;0;0;0;0;0;0;0;0;0;0;0
754;0;0;0;0;0;0;0;0;0;0;0;0;0
755;0;0;0;0;0;0;0;0;0;0;0;0;0
756;0;0;0;0;0;0;0;0;0;0;0;0;0
757;0;0;0;0;0;0;0;0;0;0;0;0;0
758;0;0;0;0;0;0;0;0;0;0;0;0;0
759;0;0;0;0;0;0;0;0;0;0;0;0;0
760;0;0;0;0;0;0;0;0;0;0;0;0;0
761;0;0;0;0;0;0;0;0;0;0;0;0;0
762;0;0;0;0;0;0;0;0;0;0;0;0;0
763;0;0;0;0;0;0;0;0;0;0;0;0;0
764;0;0;0;0;0;0;0;0;0;0;0;0;0
765;0;0;0;0;0;0;0;0;0;0;0;0;0
766;0;0;0;0;0;0;0.0103729;0;0;0;0;0;0
767;0;0;0;0;0;0;0.03754921;0;0;0;0;0;0
768;0;0;0;0;0;0;0.11240409;0;0;0;0;0;0
769;0;0;0;0;0;0;0.25890105;0;0;0;0;0;0
770;0;0;0;0;0;0;0.48035521;0;0;0;0;0;0
771;0;0;0;0;0;0;0.73155954;0;0;0;0;0;0
772;0;0;0;0;0;0;0.91293607;0;0;0;0;0;0
773;0;0;0;0;0;0;0.97124929;0;0;0;0;0;0
774;0;0;0;0;0;0;0.96391197;0.00037316;0;0;0;0;0
775;0;0;0;0;0;0;0.95529249;0.00296451;0;0;0;0;0
776;0;0;0;0;0;0;0.964831;0.01663315;0;0;0;0;0
777;0;0;0;0;0;0;0.98628988;0.02818619;0;0;0;0;0
778;0;0;0;0;0;0;1;0.05000442;0;0;0;0;0
779;0;0;0;0;0;0;0.99782157;0.08575595;0;0;0;0;0
780;0;0;0;0;0;0;0.98343012;0.14871265;0;0;0;0;0
781;0;0;0;0;0;0;0.96489467;0.25701156;0;0;0;0;0
782;0;0;0;0;0;0;0.94619093;0.42307501;0;0;0;0;0
783;0;0;0;0;0;0;0.92560158;0.62943997;0;0;0;0;0
784;0;0;0;0;0;0;0.90788186;0.80112571;0;0;0;0;0
785;0;0;0;0;0;0;0.88471259;0.90352196;0;0;0;0;0
786;0;0;0;0;0;0;0.85693094;0.93855197;0;0;0;0;0
787;0;0;0;0;0;0;0.82513165;0.94406104;0;0;0;0;0
788;0;0;0;0;0;0;0.7734046;0.9474892;0;0;0;0;0
789;0;0;0;0;0;0;0.66767522;0.96325767;0;0;0;0;0
790;0;0;0;0;0;0;0.47756609;0.97948137;0;0;0;0;0
791;0;0;0;0;0;0;0.23225321;0.99144397;0;0;0;0;0
792;0;0;0;0;0;0;0.06764032;0.99630748;0;0;0;0;0
793;0;0;0;0;0;0;0.01301456;1;0;0;0;0;0
794;0;0;0;0;0;0;0.00117425;0.99827121;0;0;0;0;0
795;0;0;0;0;0;0;0;0.99843182;0;0;0;0;0
796;0;0;0;0;0;0;0;0.98914342;0;0;0;0;0
797;0;0;0;0;0;0;0;0.98264167;0;0;0;0;0
798;0;0;0;0;0;0;0;0.96769944;0;0;0;0;0
799;0;0;0;0;0;0;0;0.95752283;0;0;0;0;0
800;0;0;0;0;0;0;0;0.95074919;0;0;0;0;0
801;0;0;0;0;0;0;0;0.9458125;0;0;0;0;0
802;0;0;0;0;0;0;0;0.94267916;0;0;0;0;0
803;0;0;0;0;0;0;0;0.9465958;0;0;0;0;0
804;0;0;0;0;0;0;0;0.94450012;0;0;0;0;0
805;0;0;0;0;0;0;0;0.93992861;0;0;0;0;0
806;0;0;0;0;0;0;0;0.92759688;0;0;0;0;0
807;0;0;0;0;0;0;0;0.91226544;0;0;0;0;0
808;0;0;0;0;0;0;0;0.89079677;0;0;0;0;0
809;0;0;0;0;0;0;0;0.8706102;0;0;0;0;0
810;0;0;0;0;0;0;0;0.85021777;0;0;0;0;0
811;0;0;0;0;0;0;0;0.83416655;0;0;0;0;0
812;0;0;0;0;0;0;0;0.82214927;0;0;0;0;0
813;0;0;0;0;0;0;0;0.8124078;0;0;0;0;0
814;0;0;0;0;0;0;0;0.80920229;0;0;0;0;0
815;0;0;0;0;0;0;0;0.80220847;0;0;0;0;0
816;0;0;0;0;0;0;0;0.79081499;0;0;0;0;0
817;0;0;0;0;0;0;0;0.78239761;0;0;0;0;0
818;0;0;0;0;0;0;0;0.76731527;0;0;0;0;0
819;0;0;0;0;0;0;0;0.75394962;0;0;0;0;0
820;0;0;0;0;0;0;0;0.74226922;0;0;0;0;0
821;0;0;0;0;0;0;0;0.72750987;0;0;0;0;0
822;0;0;0;0;0;0;0;0.71976209;0;0;0;0;0
823;0;0;0;0;0;0;0;0.71456726;0;0;0;0;0
824;0;0;0;0;0;0;0;0.71982866;0;0;0;0;0
825;0;0;0;0;0;0;0;0.72746214;0;0;0;0;0
826;0;0;0;0;0;0;0;0.73945306;0;0;0;0;0
827;0;0;0;0;0;0;0;0.75138424;0;0;0;0;0
828;0;0;0;0;0;0;0;0.76310661;0;0;0;0;0
829;0;0;0;0;0;0;0;0.77122498;0;0;0;0;0
830;0;0;0;0;0;0;0;0.78298312;0;0;0;0;0
831;0;0;0;0;0;0;0;0.78494127;0;0;0;0;0
832;0;0;0;0;0;0;0;0.78409222;0;0;0;0;0
833;0;0;0;0;0;0;0;0.7834498;0;0;0;0;0
834;0;0;0;0;0;0;0;0.78216032;0;0;0;0;0
835;0;0;0;0;0;0;0;0.78062401;0;0;0;0;0
836;0;0;0;0;0;0;0;0.78132572;0;0;0;0;0
837;0;0;0;0;0;0;0;0.7813272;0;0;0;0;0
838;0;0;0;0;0;0;0;0.7810081;0;0;0;0;0
839;0;0;0;0;0;0;0;0.77897938;0;0;0;0;0
840;0;0;0;0;0;0;0;0.7761445;0;0;0;0;0
841;0;0;0;0;0;0;0;0.76910534;0;0;0;0;0
842;0;0;0;0;0;0;0;0.7625494;0;0;0;0;0
843;0;0;0;0;0;0;0;0.75157186;0;0;0;0;0
844;0;0;0;0;0;0;0;0.74086146;0;0;0;0;0
845;0;0;0;0;0;0;0;0.73121299;0;0;0;0;0
846;0;0;0;0;0;0;0;0.71988688;0;0;0;0;0
847;0;0;0;0;0;0;0;0.71025573;0;0;0;0;0
848;0;0;0;0;0;0;0;0.69679744;0.00167523;0;0;0;0
849;0;0;0;0;0;0;0;0.68602501;0.01602231;0;0;0;0
850;0;0;0;0;0;0;0;0.67163906;0.03225867;0;0;0;0
851;0;0;0;0;0;0;0;0.65532408;0.07345268;0;0;0;0
852;0;0;0;0;0;0;0;0.64173681;0.1689243;0;0;0;0
853;0;0;0;0;0;0;0;0.62683353;0.34543042;0;0;0;0
854;0;0;0;0;0;0;0;0.61241074;0.56923369;0;0;0;0
855;0;0;0;0;0;0;0;0.60185411;0.79611745;0;0;0;0
856;0;0;0;0;0;0;0;0.59380689;0.93749188;0;0;0;0
857;0;0;0;0;0;0;0;0.58714687;0.98102805;0;0;0;0
858;0;0;0;0;0;0;0;0.58444579;0.98742384;0;0;0;0
859;0;0;0;0;0;0;0;0.58231388;0.99457226;0;0;0;0
860;0;0;0;0;0;0;0;0.58111599;0.99912415;0;0;0;0
861;0;0;0;0;0;0;0;0.57996902;0.99993652;0;0;0;0
862;0;0;0;0;0;0;0;0.57480451;1;0;0;0;0
863;0;0;0;0;0;0;0;0.57684802;0.99437257;0;0;0;0
864;0;0;0;0;0;0;0;0.57273034;0.98756135;0;0;0;0
865;0;0;0;0;0;0;0;0.57144461;0.98263615;0;0;0;0
866;0;0;0;0;0;0;0;0.56985127;0.9790323;0;0;0;0
867;0;0;0;0;0;0;0;0.57167225;0.97397518;0;0;0;0
868;0;0;0;0;0;0;0;0.57154913;0.97130259;0;0;0;0
869;0;0;0;0;0;0;0;0.57292235;0.9645338;0;0;0;0
870;0;0;0;0;0;0;0;0.57617796;0.95610202;0;0;0;0
871;0;0;0;0;0;0;0;0.5784908;0.93941552;0;0;0;0
872;0;0;0;0;0;0;0;0.58023702;0.89155652;0;0;0;0
873;0;0;0;0;0;0;0;0.57982619;0.77601041;0;0;0;0
874;0;0;0;0;0;0;0;0.57868642;0.5951886;0;0;0;0
875;0;0;0;0;0;0;0;0.57587451;0.37588812;0;0;0;0
876;0;0;0;0;0;0;0;0.56976789;0.18394037;0;0;0;0
877;0;0;0;0;0;0;0;0.56173136;0.07870072;0;0;0;0
878;0;0;0;0;0;0;0;0.55644176;0.0332686;0;0;0;0
879;0;0;0;0;0;0;0;0.54881732;0.01575167;0;0;0;0
880;0;0;0;0;0;0;0;0.54508423;0.00159818;0;0;0;0
881;0;0;0;0;0;0;0;0.54153848;0;0;0;0;0
882;0;0;0;0;0;0;0;0.54069902;0;0;0;0;0
883;0;0;0;0;0;0;0;0.53850959;0;0;0;0;0
884;0;0;0;0;0;0;0;0.53655263;0;0;0;0;0
885;0;0;0;0;0;0;0;0.530404;0;0;0;0;0
886;0;0;0;0;0;0;0;0.52068821;0;0;0;0;0
887;0;0;0;0;0;0;0;0.50399678;0;0;0;0;0
888;0;0;0;0;0;0;0;0.486513;0;0;0;0;0
889;0;0;0;0;0;0;0;0.46813829;0;0;0;0;0
890;0;0;0;0;0;0;0;0.45468861;0;0;0;0;0
891;0;0;0;0;0;0;0;0.44447936;0;0;0;0;0
892;0;0;0;0;0;0;0;0.44177056;0;0;0;0;0
893;0;0;0;0;0;0;0;0.44425396;0;0;0;0;0
894;0;0;0;0;0;0;0;0.44633078;0;0;0;0;0
895;0;0;0;0;0;0;0;0.43914074;0;0;0;0;0
896;0;0;0;0;0;0;0;0.41748156;0;0;0;0;0
897;0;0;0;0;0;0;0;0.3690277;0;0;0;0;0
898;0;0;0;0;0;0;0;0.30165803;0;0;0;0;0
899;0;0;0;0;0;0;0;0.23504284;0;0;0;0;0
900;0;0;0;0;0;0;0;0.17434599;0;0;0;0;0
901;0;0;0;0;0;0;0;0.12247894;0;0;0;0;0
902;0;0;0;0;0;0;0;0.08354059;0;0;0;0;0
903;0;0;0;0;0;0;0;0.05624109;0;0;0;0;0
904;0;0;0;0;0;0;0;0.03804368;0;0;0;0;0
905;0;0;0;0;0;0;0;0.02427229;0;0;0;0;0
906;0;0;0;0;0;0;0;0.01490577;0;0;0;0;0
907;0;0;0;0;0;0;0;0.00615862;0;0;0;0;0
908;0;0;0;0;0;0;0;0;0;0;0;0;0
909;0;0;0;0;0;0;0;0;0;0;0;0;0
910;0;0;0;0;0;0;0;0;0;0;0;0;0
911;0;0;0;0;0;0;0;0;0;0;0;0;0
912;0;0;0;0;0;0;0;0;0;0;0;0;0
913;0;0;0;0;0;0;0;0;0;0;0;0;0
914;0;0;0;0;0;0;0;0;0;0;0;0;0
915;0;0;0;0;0;0;0;0;0;0;0;0;0
916;0;0;0;0;0;0;0;0;0;0;0;0;0
917;0;0;0;0;0;0;0;0;0;0;0;0;0
918;0;0;0;0;0;0;0;0;0;0;0;0;0
919;0;0;0;0;0;0;0;0;0;0;0;0;0
920;0;0;0;0;0;0;0;0;0;0;0;0;0
921;0;0;0;0;0;0;0;0;0;0;0;0;0
922;0;0;0;0;0;0;0;0;0;0;0;0;0
923;0;0;0;0;0;0;0;0;0;0;0;0;0
924;0;0;0;0;0;0;0;0;0;0;0;0;0
925;0;0;0;0;0;0;0;0;0;0;0;0;0
926;0;0;0;0;0;0;0;0;0;0;0;0;0
927;0;0;0;0;0;0;0;0;0;0;0;0;0
928;0;0;0;0;0;0;0;0;0;0;0;0;0
929;0;0;0;0;0;0;0;0;0;0;0;0;0
930;0;0;0;0;0;0;0;0;0;0.0121336;0;0;0
931;0;0;0;0;0;0;0;0;0;0.04608767;0;0;0
932;0;0;0;0;0;0;0;0;0;0.15156613;0;0;0
933;0;0;0;0;0;0;0;0;0;0.35888361;0;0;0
934;0;0;0;0;0;0;0;0;0;0.60704101;0;0;0
935;0;0;0;0;0;0;0;0;0;0.83836043;0;0;0
936;0;0;0;0;0;0;0;0;0;0.93474094;0;0;0
937;0;0;0;0;0;0;0;0;0;0.94270146;0;0;0
938;0;0;0;0;0;0;0;0;0;0.95838078;0;0;0
939;0;0;0;0;0;0;0;0;0;0.99064712;0;0;0
940;0;0;0;0;0;0;0;0;0;0.99789825;0;0;0
941;0;0;0;0;0;0;0;0;0;1;0;0;0
942;0;0;0;0;0;0;0;0;0;0.98593726;0;0;0
943;0;0;0;0;0;0;0;0;0;0.97333604;0;0;0
944;0;0;0;0;0;0;0;0;0;0.95776631;0;0;0
945;0;0;0;0;0;0;0;0;0;0.972226;0;0;0
946;0;0;0;0;0;0;0;0;0;0.94856942;0;0;0
947;0;0;0;0;0;0;0;0;0;0.94367414;0;0;0
948;0;0;0;0;0;0;0;0;0;0.90771555;0;0;0
949;0;0;0;0;0;0;0;0;0;0.88460732;0;0;0
950;0;0;0;0;0;0;0;0;0;0.85258329;0;0;0
951;0;0;0;0;0;0;0;0;0;0.83375172;0;0;0
952;0;0;0;0;0;0;0;0;0;0.71599386;0;0;0
953;0;0;0;0;0;0;0;0;0;0.52202762;0;0;0
954;0;0;0;0;0;0;0;0;0;0.26922852;0;0;0
955;0;0;0;0;0;0;0;0;0;0.09477806;0;0;0
956;0;0;0;0;0;0;0;0;0;0.02640828;0;0;0
957;0;0;0;0;0;0;0;0;0;0.00346547;0;0;0
958;0;0;0;0;0;0;0;0;0;0;0;0;0
959;0;0;0;0;0;0;0;0;0;0;0;0;0
960;0;0;0;0;0;0;0;0;0;0;0;0;0
961;0;0;0;0;0;0;0;0;0;0;0;0;0
962;0;0;0;0;0;0;0;0;0;0;0;0;0
963;0;0;0;0;0;0;0;0;0;0;0;0;0
964;0;0;0;0;0;0;0;0;0;0;0;0;0
965;0;0;0;0;0;0;0;0;0;0;0;0;0
966;0;0;0;0;0;0;0;0;0;0;0;0;0
967;0;0;0;0;0;0;0;0;0;0;0;0;0
968;0;0;0;0;0;0;0;0;0;0;0;0;0
969;0;0;0;0;0;0;0;0;0;0;0;0;0
970;0;0;0;0;0;0;0;0;0;0;0;0;0
971;0;0;0;0;0;0;0;0;0;0;0;0;0
972;0;0;0;0;0;0;0;0;0;0;0;0;0
973;0;0;0;0;0;0;0;0;0;0;0;0;0
974;0;0;0;0;0;0;0;0;0;0;0;0;0
975;0;0;0;0;0;0;0;0;0;0;0;0;0
976;0;0;0;0;0;0;0;0;0;0;0;0;0
977;0;0;0;0;0;0;0;0;0;0;0;0;0
978;0;0;0;0;0;0;0;0;0;0;0;0;0
979;0;0;0;0;0;0;0;0;0;0;0;0;0
980;0;0;0;0;0;0;0;0;0;0;0;0;0
981;0;0;0;0;0;0;0;0;0;0;0;0;0
982;0;0;0;0;0;0;0;0;0;0;0;0;0
983;0;0;0;0;0;0;0;0;0;0;0;0;0
984;0;0;0;0;0;0;0;0;0;0;0;0;0
985;0;0;0;0;0;0;0;0;0;0;0;0;0
986;0;0;0;0;0;0;0;0;0;0;0;0;0
987;0;0;0;0;0;0;0;0;0;0;0;0;0
988;0;0;0;0;0;0;0;0;0;0;0;0;0
989;0;0;0;0;0;0;0;0;0;0;0;0;0
990;0;0;0;0;0;0;0;0;0;0;0;0;0
991;0;0;0;0;0;0;0;0;0;0;0;0;0
992;0;0;0;0;0;0;0;0;0;0;0;0;0
993;0;0;0;0;0;0;0;0;0;0;0;0;0
994;0;0;0;0;0;0;0;0;0;0;0;0;0
995;0;0;0;0;0;0;0;0;0;0;0;0;0
996;0;0;0;0;0;0;0;0;0;0;0;0;0
997;0;0;0;0;0;0;0;0;0;0;0;0;0
998;0;0;0;0;0;0;0;0;0;0;0;0;0
999;0;0;0;0;0;0;0;0;0;0;0;0;0
1000;0;0;0;0;0;0;0;0;0;0;0;0;0
1001;0;0;0;0;0;0;0;0;0;0;0;0;0
1002;0;0;0;0;0;0;0;0;0;0;0;0;0
1003;0;0;0;0;0;0;0;0;0;0;0;0;0
1004;0;0;0;0;0;0;0;0;0;0;0;0;0
1005;0;0;0;0;0;0;0;0;0;0;0;0;0
1006;0;0;0;0;0;0;0;0;0;0;0;0;0
1007;0;0;0;0;0;0;0;0;0;0;0;0;0
1008;0;0;0;0;0;0;0;0;0;0;0;0;0
1009;0;0;0;0;0;0;0;0;0;0;0;0;0
1010;0;0;0;0;0;0;0;0;0;0;0;0;0
1011;0;0;0;0;0;0;0;0;0;0;0;0;0
1012;0;0;0;0;0;0;0;0;0;0;0;0;0
1013;0;0;0;0;0;0;0;0;0;0;0;0;0
1014;0;0;0;0;0;0;0;0;0;0;0;0;0
1015;0;0;0;0;0;0;0;0;0;0;0;0;0
1016;0;0;0;0;0;0;0;0;0;0;0;0;0
1017;0;0;0;0;0;0;0;0;0;0;0;0;0
1018;0;0;0;0;0;0;0;0;0;0;0;0;0
1019;0;0;0;0;0;0;0;0;0;0;0;0;0
1020;0;0;0;0;0;0;0;0;0;0;0;0;0
1021;0;0;0;0;0;0;0;0;0;0;0;0;0
1022;0;0;0;0;0;0;0;0;0;0;0;0;0
1023;0;0;0;0;0;0;0;0;0;0;0;0;0
1024;0;0;0;0;0;0;0;0;0;0;0;0;0
1025;0;0;0;0;0;0;0;0;0;0;0;0;0
1026;0;0;0;0;0;0;0;0;0;0;0;0;0
1027;0;0;0;0;0;0;0;0;0;0;0;0;0
1028;0;0;0;0;0;0;0;0;0;0;0;0;0
1029;0;0;0;0;0;0;0;0;0;0;0;0;0
1030;0;0;0;0;0;0;0;0;0;0;0;0;0
1031;0;0;0;0;0;0;0;0;0;0;0;0;0
1032;0;0;0;0;0;0;0;0;0;0;0;0;0
1033;0;0;0;0;0;0;0;0;0;0;0;0;0
1034;0;0;0;0;0;0;0;0;0;0;0;0;0
1035;0;0;0;0;0;0;0;0;0;0;0;0;0
1036;0;0;0;0;0;0;0;0;0;0;0;0;0
1037;0;0;0;0;0;0;0;0;0;0;0;0;0
1038;0;0;0;0;0;0;0;0;0;0;0;0;0
1039;0;0;0;0;0;0;0;0;0;0;0;0;0
1040;0;0;0;0;0;0;0;0;0;0;0;0;0
1041;0;0;0;0;0;0;0;0;0;0;0;0;0
1042;0;0;0;0;0;0;0;0;0;0;0;0;0
1043;0;0;0;0;0;0;0;0;0;0;0;0;0
1044;0;0;0;0;0;0;0;0;0;0;0;0;0
1045;0;0;0;0;0;0;0;0;0;0;0;0;0
1046;0;0;0;0;0;0;0;0;0;0;0;0;0
1047;0;0;0;0;0;0;0;0;0;0;0;0;0
1048;0;0;0;0;0;0;0;0;0;0;0;0;0
1049;0;0;0;0;0;0;0;0;0;0;0;0;0
1050;0;0;0;0;0;0;0;0;0;0;0;0;0
1051;0;0;0;0;0;0;0;0;0;0;0;0;0
1052;0;0;0;0;0;0;0;0;0;0;0;0;0
1053;0;0;0;0;0;0;0;0;0;0;0;0;0
1054;0;0;0;0;0;0;0;0;0;0;0;0;0
1055;0;0;0;0;0;0;0;0;0;0;0;0;0
1056;0;0;0;0;0;0;0;0;0;0;0;0;0
1057;0;0;0;0;0;0;0;0;0;0;0;0;0
1058;0;0;0;0;0;0;0;0;0;0;0;0;0
1059;0;0;0;0;0;0;0;0;0;0;0;0;0
1060;0;0;0;0;0;0;0;0;0;0;0;0;0
1061;0;0;0;0;0;0;0;0;0;0;0;0;0
1062;0;0;0;0;0;0;0;0;0;0;0;0;0
1063;0;0;0;0;0;0;0;0;0;0;0;0;0
1064;0;0;0;0;0;0;0;0;0;0;0;0;0
1065;0;0;0;0;0;0;0;0;0;0;0;0;0
1066;0;0;0;0;0;0;0;0;0;0;0;0;0
1067;0;0;0;0;0;0;0;0;0;0;0;0;0
1068;0;0;0;0;0;0;0;0;0;0;0;0;0
1069;0;0;0;0;0;0;0;0;0;0;0;0;0
1070;0;0;0;0;0;0;0;0;0;0;0;0;0
1071;0;0;0;0;0;0;0;0;0;0;0;0;0
1072;0;0;0;0;0;0;0;0;0;0;0;0;0
1073;0;0;0;0;0;0;0;0;0;0;0;0;0
1074;0;0;0;0;0;0;0;0;0;0;0;0;0
1075;0;0;0;0;0;0;0;0;0;0;0;0;0
1076;0;0;0;0;0;0;0;0;0;0;0;0;0
1077;0;0;0;0;0;0;0;0;0;0;0;0;0
1078;0;0;0;0;0;0;0;0;0;0;0;0;0
1079;0;0;0;0;0;0;0;0;0;0;0;0;0
1080;0;0;0;0;0;0;0;0;0;0;0;0;0
1081;0;0;0;0;0;0;0;0;0;0;0;0;0
1082;0;0;0;0;0;0;0;0;0;0;0;0;0
1083;0;0;0;0;0;0;0;0;0;0;0;0;0
1084;0;0;0;0;0;0;0;0;0;0;0;0;0
1085;0;0;0;0;0;0;0;0;0;0;0;0;0
1086;0;0;0;0;0;0;0;0;0;0;0;0;0
1087;0;0;0;0;0;0;0;0;0;0;0;0;0
1088;0;0;0;0;0;0;0;0;0;0;0;0;0
1089;0;0;0;0;0;0;0;0;0;0;0;0;0
1090;0;0;0;0;0;0;0;0;0;0;0;0;0
1091;0;0;0;0;0;0;0;0;0;0;0;0;0
1092;0;0;0;0;0;0;0;0;0;0;0;0;0
1093;0;0;0;0;0;0;0;0;0;0;0;0;0
1094;0;0;0;0;0;0;0;0;0;0;0;0;0
1095;0;0;0;0;0;0;0;0;0;0;0;0;0
1096;0;0;0;0;0;0;0;0;0;0;0;0;0
1097;0;0;0;0;0;0;0;0;0;0;0;0;0
1098;0;0;0;0;0;0;0;0;0;0;0;0;0
1099;0;0;0;0;0;0;0;0;0;0;0;0;0
1100;0;0;0;0;0;0;0;0;0;0;0;0;0
1101;0;0;0;0;0;0;0;0;0;0;0;0;0
1102;0;0;0;0;0;0;0;0;0;0;0;0;0
1103;0;0;0;0;0;0;0;0;0;0;0;0;0
1104;0;0;0;0;0;0;0;0;0;0;0;0;0
1105;0;0;0;0;0;0;0;0;0;0;0;0;0
1106;0;0;0;0;0;0;0;0;0;0;0;0;0
1107;0;0;0;0;0;0;0;0;0;0;0;0;0
1108;0;0;0;0;0;0;0;0;0;0;0;0;0
1109;0;0;0;0;0;0;0;0;0;0;0;0;0
1110;0;0;0;0;0;0;0;0;0;0;0;0;0
1111;0;0;0;0;0;0;0;0;0;0;0;0;0
1112;0;0;0;0;0;0;0;0;0;0;0;0;0
1113;0;0;0;0;0;0;0;0;0;0;0;0;0
1114;0;0;0;0;0;0;0;0;0;0;0;0;0
1115;0;0;0;0;0;0;0;0;0;0;0;0;0
1116;0;0;0;0;0;0;0;0;0;0;0;0;0
1117;0;0;0;0;0;0;0;0;0;0;0;0;0
1118;0;0;0;0;0;0;0;0;0;0;0;0;0
1119;0;0;0;0;0;0;0;0;0;0;0;0;0
1120;0;0;0;0;0;0;0;0;0;0;0;0;0
1121;0;0;0;0;0;0;0;0;0;0;0;0;0
1122;0;0;0;0;0;0;0;0;0;0;0;0;0
1123;0;0;0;0;0;0;0;0;0;0;0;0;0
1124;0;0;0;0;0;0;0;0;0;0;0;0;0
1125;0;0;0;0;0;0;0;0;0;0;0;0;0
1126;0;0;0;0;0;0;0;0;0;0;0;0;0
1127;0;0;0;0;0;0;0;0;0;0;0;0;0
1128;0;0;0;0;0;0;0;0;0;0;0;0;0
1129;0;0;0;0;0;0;0;0;0;0;0;0;0
1130;0;0;0;0;0;0;0;0;0;0;0;0;0
1131;0;0;0;0;0;0;0;0;0;0;0;0;0
1132;0;0;0;0;0;0;0;0;0;0;0;0;0
1133;0;0;0;0;0;0;0;0;0;0;0;0;0
1134;0;0;0;0;0;0;0;0;0;0;0;0;0
1135;0;0;0;0;0;0;0;0;0;0;0;0;0
1136;0;0;0;0;0;0;0;0;0;0;0;0;0
1137;0;0;0;0;0;0;0;0;0;0;0;0;0
1138;0;0;0;0;0;0;0;0;0;0;0;0;0
1139;0;0;0;0;0;0;0;0;0;0;0;0;0
1140;0;0;0;0;0;0;0;0;0;0;0;0;0
1141;0;0;0;0;0;0;0;0;0;0;0;0;0
1142;0;0;0;0;0;0;0;0;0;0;0;0;0
1143;0;0;0;0;0;0;0;0;0;0;0;0;0
1144;0;0;0;0;0;0;0;0;0;0;0;0;0
1145;0;0;0;0;0;0;0;0;0;0;0;0;0
1146;0;0;0;0;0;0;0;0;0;0;0;0;0
1147;0;0;0;0;0;0;0;0;0;0;0;0;0
1148;0;0;0;0;0;0;0;0;0;0;0;0;0
1149;0;0;0;0;0;0;0;0;0;0;0;0;0
1150;0;0;0;0;0;0;0;0;0;0;0;0;0
1151;0;0;0;0;0;0;0;0;0;0;0;0;0
1152;0;0;0;0;0;0;0;0;0;0;0;0;0
1153;0;0;0;0;0;0;0;0;0;0;0;0;0
1154;0;0;0;0;0;0;0;0;0;0;0;0;0
1155;0;0;0;0;0;0;0;0;0;0;0;0;0
1156;0;0;0;0;0;0;0;0;0;0;0;0;0
1157;0;0;0;0;0;0;0;0;0;0;0;0;0
1158;0;0;0;0;0;0;0;0;0;0;0;0;0
1159;0;0;0;0;0;0;0;0;0;0;0;0;0
1160;0;0;0;0;0;0;0;0;0;0;0;0;0
1161;0;0;0;0;0;0;0;0;0;0;0;0;0
1162;0;0;0;0;0;0;0;0;0;0;0;0;0
1163;0;0;0;0;0;0;0;0;0;0;0;0;0
1164;0;0;0;0;0;0;0;0;0;0;0;0;0
1165;0;0;0;0;0;0;0;0;0;0;0;0;0
1166;0;0;0;0;0;0;0;0;0;0;0;0;0
1167;0;0;0;0;0;0;0;0;0;0;0;0;0
1168;0;0;0;0;0;0;0;0;0;0;0;0;0
1169;0;0;0;0;0;0;0;0;0;0;0;0;0
1170;0;0;0;0;0;0;0;0;0;0;0;0;0
1171;0;0;0;0;0;0;0;0;0;0;0;0;0
1172;0;0;0;0;0;0;0;0;0;0;0;0;0
1173;0;0;0;0;0;0;0;0;0;0;0;0;0
1174;0;0;0;0;0;0;0;0;0;0;0;0;0
1175;0;0;0;0;0;0;0;0;0;0;0;0;0
1176;0;0;0;0;0;0;0;0;0;0;0;0;0
1177;0;0;0;0;0;0;0;0;0;0;0;0;0
1178;0;0;0;0;0;0;0;0;0;0;0;0;0
1179;0;0;0;0;0;0;0;0;0;0;0;0;0
1180;0;0;0;0;0;0;0;0;0;0;0;0;0
1181;0;0;0;0;0;0;0;0;0;0;0;0;0
1182;0;0;0;0;0;0;0;0;0;0;0;0;0
1183;0;0;0;0;0;0;0;0;0;0;0;0;0
1184;0;0;0;0;0;0;0;0;0;0;0;0;0
1185;0;0;0;0;0;0;0;0;0;0;0;0;0
1186;0;0;0;0;0;0;0;0;0;0;0;0;0
1187;0;0;0;0;0;0;0;0;0;0;0;0;0
1188;0;0;0;0;0;0;0;0;0;0;0;0;0
1189;0;0;0;0;0;0;0;0;0;0;0;0;0
1190;0;0;0;0;0;0;0;0;0;0;0;0;0
1191;0;0;0;0;0;0;0;0;0;0;0;0;0
1192;0;0;0;0;0;0;0;0;0;0;0;0;0
1193;0;0;0;0;0;0;0;0;0;0;0;0;0
1194;0;0;0;0;0;0;0;0;0;0;0;0;0
1195;0;0;0;0;0;0;0;0;0;0;0;0;0
1196;0;0;0;0;0;0;0;0;0;0;0;0;0
1197;0;0;0;0;0;0;0;0;0;0;0;0;0
1198;0;0;0;0;0;0;0;0;0;0;0;0;0
1199;0;0;0;0;0;0;0;0;0;0;0;0;0
1200;0;0;0;0;0;0;0;0;0;0;0;0;0
1201;0;0;0;0;0;0;0;0;0;0;0;0;0
1202;0;0;0;0;0;0;0;0;0;0;0;0;0
1203;0;0;0;0;0;0;0;0;0;0;0;0;0
1204;0;0;0;0;0;0;0;0;0;0;0;0;0
1205;0;0;0;0;0;0;0;0;0;0;0;0;0
1206;0;0;0;0;0;0;0;0;0;0;0;0;0
1207;0;0;0;0;0;0;0;0;0;0;0;0;0
1208;0;0;0;0;0;0;0;0;0;0;0;0;0
1209;0;0;0;0;0;0;0;0;0;0;0;0;0
1210;0;0;0;0;0;0;0;0;0;0;0;0;0
1211;0;0;0;0;0;0;0;0;0;0;0;0;0
1212;0;0;0;0;0;0;0;0;0;0;0;0;0
1213;0;0;0;0;0;0;0;0;0;0;0;0;0
1214;0;0;0;0;0;0;0;0;0;0;0;0;0
1215;0;0;0;0;0;0;0;0;0;0;0;0;0
1216;0;0;0;0;0;0;0;0;0;0;0;0;0
1217;0;0;0;0;0;0;0;0;0;0;0;0;0
1218;0;0;0;0;0;0;0;0;0;0;0;0;0
1219;0;0;0;0;0;0;0;0;0;0;0;0;0
1220;0;0;0;0;0;0;0;0;0;0;0;0;0
1221;0;0;0;0;0;0;0;0;0;0;0;0;0
1222;0;0;0;0;0;0;0;0;0;0;0;0;0
1223;0;0;0;0;0;0;0;0;0;0;0;0;0
1224;0;0;0;0;0;0;0;0;0;0;0;0;0
1225;0;0;0;0;0;0;0;0;0;0;0;0;0
1226;0;0;0;0;0;0;0;0;0;0;0;0;0
1227;0;0;0;0;0;0;0;0;0;0;0;0;0
1228;0;0;0;0;0;0;0;0;0;0;0;0;0
1229;0;0;0;0;0;0;0;0;0;0;0;0;0
1230;0;0;0;0;0;0;0;0;0;0;0;0;0
1231;0;0;0;0;0;0;0;0;0;0;0;0;0
1232;0;0;0;0;0;0;0;0;0;0;0;0;0
1233;0;0;0;0;0;0;0;0;0;0;0;0;0
1234;0;0;0;0;0;0;0;0;0;0;0;0;0
1235;0;0;0;0;0;0;0;0;0;0;0;0;0
1236;0;0;0;0;0;0;0;0;0;0;0;0;0
1237;0;0;0;0;0;0;0;0;0;0;0;0;0
1238;0;0;0;0;0;0;0;0;0;0;0;0;0
1239;0;0;0;0;0;0;0;0;0;0;0;0;0
1240;0;0;0;0;0;0;0;0;0;0;0;0;0
1241;0;0;0;0;0;0;0;0;0;0;0;0;0
1242;0;0;0;0;0;0;0;0;0;0;0;0;0
1243;0;0;0;0;0;0;0;0;0;0;0;0;0
1244;0;0;0;0;0;0;0;0;0;0;0;0;0
1245;0;0;0;0;0;0;0;0;0;0;0;0;0
1246;0;0;0;0;0;0;0;0;0;0;0;0;0
1247;0;0;0;0;0;0;0;0;0;0;0;0;0
1248;0;0;0;0;0;0;0;0;0;0;0;0;0
1249;0;0;0;0;0;0;0;0;0;0;0;0;0
1250;0;0;0;0;0;0;0;0;0;0;0;0;0
1251;0;0;0;0;0;0;0;0;0;0;0;0;0
1252;0;0;0;0;0;0;0;0;0;0;0;0;0
1253;0;0;0;0;0;0;0;0;0;0;0;0;0
1254;0;0;0;0;0;0;0;0;0;0;0;0;0
1255;0;0;0;0;0;0;0;0;0;0;0;0;0
1256;0;0;0;0;0;0;0;0;0;0;0;0;0
1257;0;0;0;0;0;0;0;0;0;0;0;0;0
1258;0;0;0;0;0;0;0;0;0;0;0;0;0
1259;0;0;0;0;0;0;0;0;0;0;0;0;0
1260;0;0;0;0;0;0;0;0;0;0;0;0;0
1261;0;0;0;0;0;0;0;0;0;0;0;0;0
1262;0;0;0;0;0;0;0;0;0;0;0;0;0
1263;0;0;0;0;0;0;0;0;0;0;0;0;0
1264;0;0;0;0;0;0;0;0;0;0;0;0;0
1265;0;0;0;0;0;0;0;0;0;0;0;0;0
1266;0;0;0;0;0;0;0;0;0;0;0;0;0
1267;0;0;0;0;0;0;0;0;0;0;0;0;0
1268;0;0;0;0;0;0;0;0;0;0;0;0;0
1269;0;0;0;0;0;0;0;0;0;0;0;0;0
1270;0;0;0;0;0;0;0;0;0;0;0;0;0
1271;0;0;0;0;0;0;0;0;0;0;0;0;0
1272;0;0;0;0;0;0;0;0;0;0;0;0;0
1273;0;0;0;0;0;0;0;0;0;0;0;0;0
1274;0;0;0;0;0;0;0;0;0;0;0;0;0
1275;0;0;0;0;0;0;0;0;0;0;0;0;0
1276;0;0;0;0;0;0;0;0;0;0;0;0;0
1277;0;0;0;0;0;0;0;0;0;0;0;0;0
1278;0;0;0;0;0;0;0;0;0;0;0;0;0
1279;0;0;0;0;0;0;0;0;0;0;0;0;0
1280;0;0;0;0;0;0;0;0;0;0;0;0;0
1281;0;0;0;0;0;0;0;0;0;0;0;0;0
1282;0;0;0;0;0;0;0;0;0;0;0;0;0
1283;0;0;0;0;0;0;0;0;0;0;0;0;0
1284;0;0;0;0;0;0;0;0;0;0;0;0;0
1285;0;0;0;0;0;0;0;0;0;0;0;0;0
1286;0;0;0;0;0;0;0;0;0;0;0;0;0
1287;0;0;0;0;0;0;0;0;0;0;0;0;0
1288;0;0;0;0;0;0;0;0;0;0;0;0;0
1289;0;0;0;0;0;0;0;0;0;0;0;0;0
1290;0;0;0;0;0;0;0;0;0;0;0;0;0
1291;0;0;0;0;0;0;0;0;0;0;0;0;0
1292;0;0;0;0;0;0;0;0;0;0;0;0;0
1293;0;0;0;0;0;0;0;0;0;0;0;0;0
1294;0;0;0;0;0;0;0;0;0;0;0;0;0
1295;0;0;0;0;0;0;0;0;0;0;0;0;0
1296;0;0;0;0;0;0;0;0;0;0;0;0;0
1297;0;0;0;0;0;0;0;0;0;0;0;0;0
1298;0;0;0;0;0;0;0;0;0;0;0;0;0
1299;0;0;0;0;0;0;0;0;0;0;0;0;0
1300;0;0;0;0;0;0;0;0;0;0;0;0;0
1301;0;0;0;0;0;0;0;0;0;0;0;0;0
1302;0;0;0;0;0;0;0;0;0;0;0;0;0
1303;0;0;0;0;0;0;0;0;0;0;0;0;0
1304;0;0;0;0;0;0;0;0;0;0;0;0;0
1305;0;0;0;0;0;0;0;0;0;0;0;0;0
1306;0;0;0;0;0;0;0;0;0;0;0;0;0
1307;0;0;0;0;0;0;0;0;0;0;0;0;0
1308;0;0;0;0;0;0;0;0;0;0;0;0;0
1309;0;0;0;0;0;0;0;0;0;0;0;0;0
1310;0;0;0;0;0;0;0;0;0;0;0;0;0
1311;0;0;0;0;0;0;0;0;0;0;0;0;0
1312;0;0;0;0;0;0;0;0;0;0;0;0;0
1313;0;0;0;0;0;0;0;0;0;0;0;0;0
1314;0;0;0;0;0;0;0;0;0;0;0;0;0
1315;0;0;0;0;0;0;0;0;0;0;0;0;0
1316;0;0;0;0;0;0;0;0;0;0;0;0;0
1317;0;0;0;0;0;0;0;0;0;0;0;0;0
1318;0;0;0;0;0;0;0;0;0;0;0;0;0
1319;0;0;0;0;0;0;0;0;0;0;0;0;0
1320;0;0;0;0;0;0;0;0;0;0;0;0;0
1321;0;0;0;0;0;0;0;0;0;0;0;0;0
1322;0;0;0;0;0;0;0;0;0;0;0;0;0
1323;0;0;0;0;0;0;0;0;0;0;0;0;0
1324;0;0;0;0;0;0;0;0;0;0;0;0;0
1325;0;0;0;0;0;0;0;0;0;0;0;0;0
1326;0;0;0;0;0;0;0;0;0;0;0;0;0
1327;0;0;0;0;0;0;0;0;0;0;0;0;0
1328;0;0;0;0;0;0;0;0;0;0;0;0;0
1329;0;0;0;0;0;0;0;0;0;0;0;0;0
1330;0;0;0;0;0;0;0;0;0;0;0;0;0
1331;0;0;0;0;0;0;0;0;0;0;0;0;0
1332;0;0;0;0;0;0;0;0;0;0;0;0;0
1333;0;0;0;0;0;0;0;0;0;0;0;0;0
1334;0;0;0;0;0;0;0;0;0;0;0;0;0
1335;0;0;0;0;0;0;0;0;0;0;0;0;0
1336;0;0;0;0;0;0;0;0;0;0;0;0;0
1337;0;0;0;0;0;0;0;0;0;0;0;0;0
1338;0;0;0;0;0;0;0;0;0;0;0;0;0
1339;0;0;0;0;0;0;0;0;0;0;0.00002472;0;0
1340;0;0;0;0;0;0;0;0;0;0;0.00013691;0;0
1341;0;0;0;0;0;0;0;0;0;0;0.00012558;0;0
1342;0;0;0;0;0;0;0;0;0;0;0.00008901;0;0
1343;0;0;0;0;0;0;0;0;0;0;0.00012425;0;0
1344;0;0;0;0;0;0;0;0;0;0;0.00009941;0;0
1345;0;0;0;0;0;0;0;0;0;0;0.00013952;0;0
1346;0;0;0;0;0;0;0;0;0;0;0.00015816;0;0
1347;0;0;0;0;0;0;0;0;0;0;0.00019272;0;0
1348;0;0;0;0;0;0;0;0;0;0;0.00025959;0;0
1349;0;0;0;0;0;0;0;0;0;0;0.00032221;0;0
1350;0;0;0;0;0;0;0;0;0;0;0.00034719;0;0
1351;0;0;0;0;0;0;0;0;0;0;0.0003699;0;0
1352;0;0;0;0;0;0;0;0;0;0;0.00054874;0;0
1353;0;0;0;0;0;0;0;0;0;0;0.00105434;0;0
1354;0;0;0;0;0;0;0;0;0;0;0.00218813;0;0
1355;0;0;0;0;0;0;0;0;0;0;0.00480743;0;0
1356;0;0;0;0;0;0;0;0;0;0;0.01135252;0;0
1357;0;0;0;0;0;0;0;0;0;0;0.02671185;0;0
1358;0;0;0;0;0;0;0;0;0;0;0.05776022;0;0
1359;0;0;0;0;0;0;0;0;0;0;0.11176337;0;0
1360;0;0;0;0;0;0;0;0;0;0;0.19587518;0;0
1361;0;0;0;0;0;0;0;0;0;0;0.31418191;0;0
1362;0;0;0;0;0;0;0;0;0;0;0.46188068;0;0
1363;0;0;0;0;0;0;0;0;0;0;0.62292578;0;0
1364;0;0;0;0;0;0;0;0;0;0;0.7709851;0;0
1365;0;0;0;0;0;0;0;0;0;0;0.88086652;0;0
1366;0;0;0;0;0;0;0;0;0;0;0.9448941;0;0
1367;0;0;0;0;0;0;0;0;0;0;0.97405066;0;0
1368;0;0;0;0;0;0;0;0;0;0;0.98616696;0;0
1369;0;0;0;0;0;0;0;0;0;0;0.99306955;0;0
1370;0;0;0;0;0;0;0;0;0;0;0.99775441;0;0
1371;0;0;0;0;0;0;0;0;0;0;1;0;0
1372;0;0;0;0;0;0;0;0;0;0;0.99942348;0;0
1373;0;0;0;0;0;0;0;0;0;0;0.99616891;0;0
1374;0;0;0;0;0;0;0;0;0;0;0.99082045;0;0
1375;0;0;0;0;0;0;0;0;0;0;0.9842131;0;0
1376;0;0;0;0;0;0;0;0;0;0;0.97708513;0;0
1377;0;0;0;0;0;0;0;0;0;0;0.97013647;0;0
1378;0;0;0;0;0;0;0;0;0;0;0.96374366;0;0
1379;0;0;0;0;0;0;0;0;0;0;0.95755001;0;0
1380;0;0;0;0;0;0;0;0;0;0;0.95127438;0;0
1381;0;0;0;0;0;0;0;0;0;0;0.94546638;0;0
1382;0;0;0;0;0;0;0;0;0;0;0.94069659;0;0
1383;0;0;0;0;0;0;0;0;0;0;0.93759595;0;0
1384;0;0;0;0;0;0;0;0;0;0;0.93624612;0;0
1385;0;0;0;0;0;0;0;0;0;0;0.93510206;0;0
1386;0;0;0;0;0;0;0;0;0;0;0.93054472;0;0
1387;0;0;0;0;0;0;0;0;0;0;0.91630845;0;0
1388;0;0;0;0;0;0;0;0;0;0;0.88530334;0;0
1389;0;0;0;0;0;0;0;0;0;0;0.83129653;0;0
1390;0;0;0;0;0;0;0;0;0;0;0.74856466;0;0
1391;0;0;0;0;0;0;0;0;0;0;0.63524397;0;0
1392;0;0;0;0;0;0;0;0;0;0;0.49733159;0;0
1393;0;0;0;0;0;0;0;0;0;0;0.34907723;0;0
1394;0;0;0;0;0;0;0;0;0;0;0.21259735;0;0
1395;0;0;0;0;0;0;0;0;0;0;0.10971453;0;0
1396;0;0;0;0;0;0;0;0;0;0;0.04789269;0;0
1397;0;0;0;0;0;0;0;0;0;0;0.01853013;0;0
1398;0;0;0;0;0;0;0;0;0;0;0.00716776;0;0
1399;0;0;0;0;0;0;0;0;0;0;0.0031533;0;0
1400;0;0;0;0;0;0;0;0;0;0;0.00157017;0;0
1401;0;0;0;0;0;0;0;0;0;0;0.00084901;0;0
1402;0;0;0;0;0;0;0;0;0;0;0.00053006;0;0
1403;0;0;0;0;0;0;0;0;0;0;0.00033171;0;0
1404;0;0;0;0;0;0;0;0;0;0;0.00019447;0;0
1405;0;0;0;0;0;0;0;0;0;0;0.00022104;0;0
1406;0;0;0;0;0;0;0;0;0;0;0.00022646;0;0
1407;0;0;0;0;0;0;0;0;0;0;0.00018156;0;0
1408;0;0;0;0;0;0;0;0;0;0;0.00016063;0;0
1409;0;0;0;0;0;0;0;0;0;0;0.00015475;0;0
1410;0;0;0;0;0;0;0;0;0;0;0.00014734;0;0
1411;0;0;0;0;0;0;0;0;0;0;0.00014776;0;0
1412;0;0;0;0;0;0;0;0;0;0;0.00017405;0;0
1413;0;0;0;0;0;0;0;0;0;0;0.00023619;0;0
1414;0;0;0;0;0;0;0;0;0;0;0.00012007;0;0
1415;0;0;0;0;0;0;0;0;0;0;0.00004337;0;0
1416;0;0;0;0;0;0;0;0;0;0;0;0;0
1417;0;0;0;0;0;0;0;0;0;0;0;0;0
1418;0;0;0;0;0;0;0;0;0;0;0;0;0
1419;0;0;0;0;0;0;0;0;0;0;0;0;0
1420;0;0;0;0;0;0;0;0;0;0;0;0;0
1421;0;0;0;0;0;0;0;0;0;0;0;0;0
1422;0;0;0;0;0;0;0;0;0;0;0;0;0
1423;0;0;0;0;0;0;0;0;0;0;0;0;0
1424;0;0;0;0;0;0;0;0;0;0;0;0;0
1425;0;0;0;0;0;0;0;0;0;0;0;0;0
1426;0;0;0;0;0;0;0;0;0;0;0;0;0
1427;0;0;0;0;0;0;0;0;0;0;0;0;0
1428;0;0;0;0;0;0;0;0;0;0;0;0;0
1429;0;0;0;0;0;0;0;0;0;0;0;0;0
1430;0;0;0;0;0;0;0;0;0;0;0;0;0
1431;0;0;0;0;0;0;0;0;0;0;0;0;0
1432;0;0;0;0;0;0;0;0;0;0;0;0;0
1433;0;0;0;0;0;0;0;0;0;0;0;0;0
1434;0;0;0;0;0;0;0;0;0;0;0;0;0
1435;0;0;0;0;0;0;0;0;0;0;0;0;0
1436;0;0;0;0;0;0;0;0;0;0;0;0;0
1437;0;0;0;0;0;0;0;0;0;0;0;0;0
1438;0;0;0;0;0;0;0;0;0;0;0;0;0
1439;0;0;0;0;0;0;0;0;0;0;0;0;0
1440;0;0;0;0;0;0;0;0;0;0;0;0;0
1441;0;0;0;0;0;0;0;0;0;0;0;0;0
1442;0;0;0;0;0;0;0;0;0;0;0;0;0
1443;0;0;0;0;0;0;0;0;0;0;0;0;0
1444;0;0;0;0;0;0;0;0;0;0;0;0;0
1445;0;0;0;0;0;0;0;0;0;0;0;0;0
1446;0;0;0;0;0;0;0;0;0;0;0;0;0
1447;0;0;0;0;0;0;0;0;0;0;0;0;0
1448;0;0;0;0;0;0;0;0;0;0;0;0;0
1449;0;0;0;0;0;0;0;0;0;0;0;0;0
1450;0;0;0;0;0;0;0;0;0;0;0;0;0
1451;0;0;0;0;0;0;0;0;0;0;0;0;0
1452;0;0;0;0;0;0;0;0;0;0;0;0;0
1453;0;0;0;0;0;0;0;0;0;0;0;0;0
1454;0;0;0;0;0;0;0;0;0;0;0;0;0
1455;0;0;0;0;0;0;0;0;0;0;0;0;0
1456;0;0;0;0;0;0;0;0;0;0;0;0;0
1457;0;0;0;0;0;0;0;0;0;0;0;0;0
1458;0;0;0;0;0;0;0;0;0;0;0;0;0
1459;0;0;0;0;0;0;0;0;0;0;0;0;0
1460;0;0;0;0;0;0;0;0;0;0;0;0;0
1461;0;0;0;0;0;0;0;0;0;0;0;0;0
1462;0;0;0;0;0;0;0;0;0;0;0;0;0
1463;0;0;0;0;0;0;0;0;0;0;0;0;0
1464;0;0;0;0;0;0;0;0;0;0;0;0;0
1465;0;0;0;0;0;0;0;0;0;0;0;0;0
1466;0;0;0;0;0;0;0;0;0;0;0;0;0
1467;0;0;0;0;0;0;0;0;0;0;0;0;0
1468;0;0;0;0;0;0;0;0;0;0;0;0;0
1469;0;0;0;0;0;0;0;0;0;0;0;0;0
1470;0;0;0;0;0;0;0;0;0;0;0;0;0
1471;0;0;0;0;0;0;0;0;0;0;0;0;0
1472;0;0;0;0;0;0;0;0;0;0;0;0;0
1473;0;0;0;0;0;0;0;0;0;0;0;0;0
1474;0;0;0;0;0;0;0;0;0;0;0;0;0
1475;0;0;0;0;0;0;0;0;0;0;0;0;0
1476;0;0;0;0;0;0;0;0;0;0;0;0;0
1477;0;0;0;0;0;0;0;0;0;0;0;0;0
1478;0;0;0;0;0;0;0;0;0;0;0;0;0
1479;0;0;0;0;0;0;0;0;0;0;0;0;0
1480;0;0;0;0;0;0;0;0;0;0;0;0;0
1481;0;0;0;0;0;0;0;0;0;0;0;0;0
1482;0;0;0;0;0;0;0;0;0;0;0;0;0
1483;0;0;0;0;0;0;0;0;0;0;0;0;0
1484;0;0;0;0;0;0;0;0;0;0;0;0;0
1485;0;0;0;0;0;0;0;0;0;0;0;0;0
1486;0;0;0;0;0;0;0;0;0;0;0;0;0
1487;0;0;0;0;0;0;0;0;0;0;0;0;0
1488;0;0;0;0;0;0;0;0;0;0;0;0;0
1489;0;0;0;0;0;0;0;0;0;0;0;0;0
1490;0;0;0;0;0;0;0;0;0;0;0;0;0
1491;0;0;0;0;0;0;0;0;0;0;0;0;0
1492;0;0;0;0;0;0;0;0;0;0;0;0;0
1493;0;0;0;0;0;0;0;0;0;0;0;0;0
1494;0;0;0;0;0;0;0;0;0;0;0;0;0
1495;0;0;0;0;0;0;0;0;0;0;0;0;0
1496;0;0;0;0;0;0;0;0;0;0;0;0;0
1497;0;0;0;0;0;0;0;0;0;0;0;0;0
1498;0;0;0;0;0;0;0;0;0;0;0;0;0
1499;0;0;0;0;0;0;0;0;0;0;0;0;0
1500;0;0;0;0;0;0;0;0;0;0;0;0;0
1501;0;0;0;0;0;0;0;0;0;0;0;0;0
1502;0;0;0;0;0;0;0;0;0;0;0;0;0
1503;0;0;0;0;0;0;0;0;0;0;0;0;0
1504;0;0;0;0;0;0;0;0;0;0;0;0;0
1505;0;0;0;0;0;0;0;0;0;0;0;0;0
1506;0;0;0;0;0;0;0;0;0;0;0;0;0
1507;0;0;0;0;0;0;0;0;0;0;0;0;0
1508;0;0;0;0;0;0;0;0;0;0;0;0;0
1509;0;0;0;0;0;0;0;0;0;0;0;0;0
1510;0;0;0;0;0;0;0;0;0;0;0;0;0
1511;0;0;0;0;0;0;0;0;0;0;0;0;0
1512;0;0;0;0;0;0;0;0;0;0;0;0;0
1513;0;0;0;0;0;0;0;0;0;0;0;0;0
1514;0;0;0;0;0;0;0;0;0;0;0;0;0
1515;0;0;0;0;0;0;0;0;0;0;0;0;0
1516;0;0;0;0;0;0;0;0;0;0;0;0;0
1517;0;0;0;0;0;0;0;0;0;0;0;0;0
1518;0;0;0;0;0;0;0;0;0;0;0;0;0
1519;0;0;0;0;0;0;0;0;0;0;0;0;0
1520;0;0;0;0;0;0;0;0;0;0;0;0;0
1521;0;0;0;0;0;0;0;0;0;0;0;0;0
1522;0;0;0;0;0;0;0;0;0;0;0;0;0
1523;0;0;0;0;0;0;0;0;0;0;0;0;0
1524;0;0;0;0;0;0;0;0;0;0;0;0;0
1525;0;0;0;0;0;0;0;0;0;0;0;0;0
1526;0;0;0;0;0;0;0;0;0;0;0;0;0
1527;0;0;0;0;0;0;0;0;0;0;0;0;0
1528;0;0;0;0;0;0;0;0;0;0;0;0;0
1529;0;0;0;0;0;0;0;0;0;0;0;0;0
1530;0;0;0;0;0;0;0;0;0;0;0;0;0
1531;0;0;0;0;0;0;0;0;0;0;0;0;0
1532;0;0;0;0;0;0;0;0;0;0;0;0;0
1533;0;0;0;0;0;0;0;0;0;0;0;0;0
1534;0;0;0;0;0;0;0;0;0;0;0;0;0
1535;0;0;0;0;0;0;0;0;0;0;0;0;0
1536;0;0;0;0;0;0;0;0;0;0;0;0;0
1537;0;0;0;0;0;0;0;0;0;0;0;0;0
1538;0;0;0;0;0;0;0;0;0;0;0;0.00001154;0
1539;0;0;0;0;0;0;0;0;0;0;0;0.00002707;0
1540;0;0;0;0;0;0;0;0;0;0;0;0.00008129;0
1541;0;0;0;0;0;0;0;0;0;0;0;0.0001701;0
1542;0;0;0;0;0;0;0;0;0;0;0;0.00027422;0
1543;0;0;0;0;0;0;0;0;0;0;0;0.00034456;0
1544;0;0;0;0;0;0;0;0;0;0;0;0.00046028;0
1545;0;0;0;0;0;0;0;0;0;0;0;0.00065214;0
1546;0;0;0;0;0;0;0;0;0;0;0;0.00082283;0
1547;0;0;0;0;0;0;0;0;0;0;0;0.00107791;0
1548;0;0;0;0;0;0;0;0;0;0;0;0.0014306;0
1549;0;0;0;0;0;0;0;0;0;0;0;0.00196134;0
1550;0;0;0;0;0;0;0;0;0;0;0;0.00266427;0
1551;0;0;0;0;0;0;0;0;0;0;0;0.00368682;0
1552;0;0;0;0;0;0;0;0;0;0;0;0.00522456;0
1553;0;0;0;0;0;0;0;0;0;0;0;0.00758401;0
1554;0;0;0;0;0;0;0;0;0;0;0;0.01126335;0
1555;0;0;0;0;0;0;0;0;0;0;0;0.01715812;0
1556;0;0;0;0;0;0;0;0;0;0;0;0.02674581;0
1557;0;0;0;0;0;0;0;0;0;0;0;0.04145595;0
1558;0;0;0;0;0;0;0;0;0;0;0;0.06300627;0
1559;0;0;0;0;0;0;0;0;0;0;0;0.09464207;0
1560;0;0;0;0;0;0;0;0;0;0;0;0.13995799;0
1561;0;0;0;0;0;0;0;0;0;0;0;0.20105412;0
1562;0;0;0;0;0;0;0;0;0;0;0;0.28189591;0
1563;0;0;0;0;0;0;0;0;0;0;0;0.38134665;0
1564;0;0;0;0;0;0;0;0;0;0;0;0.4907345;0
1565;0;0;0;0;0;0;0;0;0;0;0;0.60674263;0
1566;0;0;0;0;0;0;0;0;0;0;0;0.71505301;0
1567;0;0;0;0;0;0;0;0;0;0;0;0.80391496;0
1568;0;0;0;0;0;0;0;0;0;0;0;0.87015099;0
1569;0;0;0;0;0;0;0;0;0;0;0;0.91645643;0
1570;0;0;0;0;0;0;0;0;0;0;0;0.94668952;0
1571;0;0;0;0;0;0;0;0;0;0;0;0.96391534;0
1572;0;0;0;0;0;0;0;0;0;0;0;0.97305962;0
1573;0;0;0;0;0;0;0;0;0;0;0;0.97704089;0
1574;0;0;0;0;0;0;0;0;0;0;0;0.97777566;0
1575;0;0;0;0;0;0;0;0;0;0;0;0.97686717;0
1576;0;0;0;0;0;0;0;0;0;0;0;0.97531356;0
1577;0;0;0;0;0;0;0;0;0;0;0;0.97336816;0
1578;0;0;0;0;0;0;0;0;0;0;0;0.9714563;0
1579;0;0;0;0;0;0;0;0;0;0;0;0.9697157;0
1580;0;0;0;0;0;0;0;0;0;0;0;0.96907419;0
1581;0;0;0;0;0;0;0;0;0;0;0;0.96968255;0
1582;0;0;0;0;0;0;0;0;0;0;0;0.97051178;0
1583;0;0;0;0;0;0;0;0;0;0;0;0.97272986;0
1584;0;0;0;0;0;0;0;0;0;0;0;0.97613656;0
1585;0;0;0;0;0;0;0;0;0;0;0;0.97894419;0
1586;0;0;0;0;0;0;0;0;0;0;0;0.9810083;0
1587;0;0;0;0;0;0;0;0;0;0;0;0.98350836;0
1588;0;0;0;0;0;0;0;0;0;0;0;0.9848292;0
1589;0;0;0;0;0;0;0;0;0;0;0;0.98438948;0
1590;0;0;0;0;0;0;0;0;0;0;0;0.98389859;0
1591;0;0;0;0;0;0;0;0;0;0;0;0.98334634;0
1592;0;0;0;0;0;0;0;0;0;0;0;0.9814301;0
1593;0;0;0;0;0;0;0;0;0;0;0;0.97936035;0
1594;0;0;0;0;0;0;0;0;0;0;0;0.97802641;0
1595;0;0;0;0;0;0;0;0;0;0;0;0.97623515;0
1596;0;0;0;0;0;0;0;0;0;0;0;0.97537114;0
1597;0;0;0;0;0;0;0;0;0;0;0;0.97569131;0
1598;0;0;0;0;0;0;0;0;0;0;0;0.97679261;0
1599;0;0;0;0;0;0;0;0;0;0;0;0.97898052;0
1600;0;0;0;0;0;0;0;0;0;0;0;0.98199689;0
1601;0;0;0;0;0;0;0;0;0;0;0;0.98520852;0
1602;0;0;0;0;0;0;0;0;0;0;0;0.98866135;0
1603;0;0;0;0;0;0;0;0;0;0;0;0.99233425;0
1604;0;0;0;0;0;0;0;0;0;0;0;0.99480248;0
1605;0;0;0;0;0;0;0;0;0;0;0;0.99589079;0
1606;0;0;0;0;0;0;0;0;0;0;0;0.9958911;0
1607;0;0;0;0;0;0;0;0;0;0;0;0.99475534;0
1608;0;0;0;0;0;0;0;0;0;0;0;0.99207775;0
1609;0;0;0;0;0;0;0;0;0;0;0;0.98856394;0
1610;0;0;0;0;0;0;0;0;0;0;0;0.9848769;0
1611;0;0;0;0;0;0;0;0;0;0;0;0.98106836;0
1612;0;0;0;0;0;0;0;0;0;0;0;0.97677436;0
1613;0;0;0;0;0;0;0;0;0;0;0;0.97351815;0
1614;0;0;0;0;0;0;0;0;0;0;0;0.97192459;0
1615;0;0;0;0;0;0;0;0;0;0;0;0.97052192;0
1616;0;0;0;0;0;0;0;0;0;0;0;0.97043004;0
1617;0;0;0;0;0;0;0;0;0;0;0;0.9723835;0
1618;0;0;0;0;0;0;0;0;0;0;0;0.97525347;0
1619;0;0;0;0;0;0;0;0;0;0;0;0.97856769;0
1620;0;0;0;0;0;0;0;0;0;0;0;0.98298866;0
1621;0;0;0;0;0;0;0;0;0;0;0;0.98810437;0
1622;0;0;0;0;0;0;0;0;0;0;0;0.99268138;0
1623;0;0;0;0;0;0;0;0;0;0;0;0.99645012;0
1624;0;0;0;0;0;0;0;0;0;0;0;0.9990686;0
1625;0;0;0;0;0;0;0;0;0;0;0;1;0
1626;0;0;0;0;0;0;0;0;0;0;0;0.99902738;0
1627;0;0;0;0;0;0;0;0;0;0;0;0.99662493;0
1628;0;0;0;0;0;0;0;0;0;0;0;0.99326995;0
1629;0;0;0;0;0;0;0;0;0;0;0;0.989647;0
1630;0;0;0;0;0;0;0;0;0;0;0;0.98577051;0
1631;0;0;0;0;0;0;0;0;0;0;0;0.98212932;0
1632;0;0;0;0;0;0;0;0;0;0;0;0.97979728;0
1633;0;0;0;0;0;0;0;0;0;0;0;0.97946062;0
1634;0;0;0;0;0;0;0;0;0;0;0;0.980262;0
1635;0;0;0;0;0;0;0;0;0;0;0;0.98247241;0
1636;0;0;0;0;0;0;0;0;0;0;0;0.98601349;0
1637;0;0;0;0;0;0;0;0;0;0;0;0.98957829;0
1638;0;0;0;0;0;0;0;0;0;0;0;0.99173488;0
1639;0;0;0;0;0;0;0;0;0;0;0;0.99219848;0
1640;0;0;0;0;0;0;0;0;0;0;0;0.98937107;0
1641;0;0;0;0;0;0;0;0;0;0;0;0.98205611;0
1642;0;0;0;0;0;0;0;0;0;0;0;0.97007817;0
1643;0;0;0;0;0;0;0;0;0;0;0;0.95307506;0
1644;0;0;0;0;0;0;0;0;0;0;0;0.93223131;0
1645;0;0;0;0;0;0;0;0;0;0;0;0.90784439;0
1646;0;0;0;0;0;0;0;0;0;0;0;0.88392149;0
1647;0;0;0;0;0;0;0;0;0;0;0;0.86411672;0
1648;0;0;0;0;0;0;0;0;0;0;0;0.85075738;0
1649;0;0;0;0;0;0;0;0;0;0;0;0.84410342;0
1650;0;0;0;0;0;0;0;0;0;0;0;0.84337963;0
1651;0;0;0;0;0;0;0;0;0;0;0;0.84698191;0
1652;0;0;0;0;0;0;0;0;0;0;0;0.84866039;0
1653;0;0;0;0;0;0;0;0;0;0;0;0.84046041;0
1654;0;0;0;0;0;0;0;0;0;0;0;0.81336359;0
1655;0;0;0;0;0;0;0;0;0;0;0;0.75654857;0
1656;0;0;0;0;0;0;0;0;0;0;0;0.66994259;0
1657;0;0;0;0;0;0;0;0;0;0;0;0.56517119;0
1658;0;0;0;0;0;0;0;0;0;0;0;0.45690882;0
1659;0;0;0;0;0;0;0;0;0;0;0;0.35310835;0
1660;0;0;0;0;0;0;0;0;0;0;0;0.25633426;0
1661;0;0;0;0;0;0;0;0;0;0;0;0.17582806;0
1662;0;0;0;0;0;0;0;0;0;0;0;0.11552613;0
1663;0;0;0;0;0;0;0;0;0;0;0;0.0733101;0
1664;0;0;0;0;0;0;0;0;0;0;0;0.04640345;0
1665;0;0;0;0;0;0;0;0;0;0;0;0.02898639;0
1666;0;0;0;0;0;0;0;0;0;0;0;0.01853597;0
1667;0;0;0;0;0;0;0;0;0;0;0;0.01243537;0
1668;0;0;0;0;0;0;0;0;0;0;0;0.00877131;0
1669;0;0;0;0;0;0;0;0;0;0;0;0.00630418;0
1670;0;0;0;0;0;0;0;0;0;0;0;0.00457459;0
1671;0;0;0;0;0;0;0;0;0;0;0;0.00335323;0
1672;0;0;0;0;0;0;0;0;0;0;0;0.00245906;0
1673;0;0;0;0;0;0;0;0;0;0;0;0.001988;0
1674;0;0;0;0;0;0;0;0;0;0;0;0.00149989;0
1675;0;0;0;0;0;0;0;0;0;0;0;0.00112208;0
1676;0;0;0;0;0;0;0;0;0;0;0;0.00078208;0
1677;0;0;0;0;0;0;0;0;0;0;0;0.00054086;0
1678;0;0;0;0;0;0;0;0;0;0;0;0.00028019;0
1679;0;0;0;0;0;0;0;0;0;0;0;0.0001326;0
1680;0;0;0;0;0;0;0;0;0;0;0;0;0
1681;0;0;0;0;0;0;0;0;0;0;0;0;0
1682;0;0;0;0;0;0;0;0;0;0;0;0;0
1683;0;0;0;0;0;0;0;0;0;0;0;0;0
1684;0;0;0;0;0;0;0;0;0;0;0;0;0
1685;0;0;0;0;0;0;0;0;0;0;0;0;0
1686;0;0;0;0;0;0;0;0;0;0;0;0;0
1687;0;0;0;0;0;0;0;0;0;0;0;0;0
1688;0;0;0;0;0;0;0;0;0;0;0;0;0
1689;0;0;0;0;0;0;0;0;0;0;0;0;0
1690;0;0;0;0;0;0;0;0;0;0;0;0;0
1691;0;0;0;0;0;0;0;0;0;0;0;0;0
1692;0;0;0;0;0;0;0;0;0;0;0;0;0
1693;0;0;0;0;0;0;0;0;0;0;0;0;0
1694;0;0;0;0;0;0;0;0;0;0;0;0;0
1695;0;0;0;0;0;0;0;0;0;0;0;0;0
1696;0;0;0;0;0;0;0;0;0;0;0;0;0
1697;0;0;0;0;0;0;0;0;0;0;0;0;0
1698;0;0;0;0;0;0;0;0;0;0;0;0;0
1699;0;0;0;0;0;0;0;0;0;0;0;0;0
1700;0;0;0;0;0;0;0;0;0;0;0;0;0
1701;0;0;0;0;0;0;0;0;0;0;0;0;0
1702;0;0;0;0;0;0;0;0;0;0;0;0;0
1703;0;0;0;0;0;0;0;0;0;0;0;0;0
1704;0;0;0;0;0;0;0;0;0;0;0;0;0
1705;0;0;0;0;0;0;0;0;0;0;0;0;0
1706;0;0;0;0;0;0;0;0;0;0;0;0;0
1707;0;0;0;0;0;0;0;0;0;0;0;0;0
1708;0;0;0;0;0;0;0;0;0;0;0;0;0
1709;0;0;0;0;0;0;0;0;0;0;0;0;0
1710;0;0;0;0;0;0;0;0;0;0;0;0;0
1711;0;0;0;0;0;0;0;0;0;0;0;0;0
1712;0;0;0;0;0;0;0;0;0;0;0;0;0
1713;0;0;0;0;0;0;0;0;0;0;0;0;0
1714;0;0;0;0;0;0;0;0;0;0;0;0;0
1715;0;0;0;0;0;0;0;0;0;0;0;0;0
1716;0;0;0;0;0;0;0;0;0;0;0;0;0
1717;0;0;0;0;0;0;0;0;0;0;0;0;0
1718;0;0;0;0;0;0;0;0;0;0;0;0;0
1719;0;0;0;0;0;0;0;0;0;0;0;0;0
1720;0;0;0;0;0;0;0;0;0;0;0;0;0
1721;0;0;0;0;0;0;0;0;0;0;0;0;0
1722;0;0;0;0;0;0;0;0;0;0;0;0;0
1723;0;0;0;0;0;0;0;0;0;0;0;0;0
1724;0;0;0;0;0;0;0;0;0;0;0;0;0
1725;0;0;0;0;0;0;0;0;0;0;0;0;0
1726;0;0;0;0;0;0;0;0;0;0;0;0;0
1727;0;0;0;0;0;0;0;0;0;0;0;0;0
1728;0;0;0;0;0;0;0;0;0;0;0;0;0
1729;0;0;0;0;0;0;0;0;0;0;0;0;0
1730;0;0;0;0;0;0;0;0;0;0;0;0;0
1731;0;0;0;0;0;0;0;0;0;0;0;0;0
1732;0;0;0;0;0;0;0;0;0;0;0;0;0
1733;0;0;0;0;0;0;0;0;0;0;0;0;0
1734;0;0;0;0;0;0;0;0;0;0;0;0;0
1735;0;0;0;0;0;0;0;0;0;0;0;0;0
1736;0;0;0;0;0;0;0;0;0;0;0;0;0
1737;0;0;0;0;0;0;0;0;0;0;0;0;0
1738;0;0;0;0;0;0;0;0;0;0;0;0;0
1739;0;0;0;0;0;0;0;0;0;0;0;0;0
1740;0;0;0;0;0;0;0;0;0;0;0;0;0
1741;0;0;0;0;0;0;0;0;0;0;0;0;0
1742;0;0;0;0;0;0;0;0;0;0;0;0;0
1743;0;0;0;0;0;0;0;0;0;0;0;0;0
1744;0;0;0;0;0;0;0;0;0;0;0;0;0
1745;0;0;0;0;0;0;0;0;0;0;0;0;0
1746;0;0;0;0;0;0;0;0;0;0;0;0;0
1747;0;0;0;0;0;0;0;0;0;0;0;0;0
1748;0;0;0;0;0;0;0;0;0;0;0;0;0
1749;0;0;0;0;0;0;0;0;0;0;0;0;0
1750;0;0;0;0;0;0;0;0;0;0;0;0;0
1751;0;0;0;0;0;0;0;0;0;0;0;0;0
1752;0;0;0;0;0;0;0;0;0;0;0;0;0
1753;0;0;0;0;0;0;0;0;0;0;0;0;0
1754;0;0;0;0;0;0;0;0;0;0;0;0;0
1755;0;0;0;0;0;0;0;0;0;0;0;0;0
1756;0;0;0;0;0;0;0;0;0;0;0;0;0
1757;0;0;0;0;0;0;0;0;0;0;0;0;0
1758;0;0;0;0;0;0;0;0;0;0;0;0;0
1759;0;0;0;0;0;0;0;0;0;0;0;0;0
1760;0;0;0;0;0;0;0;0;0;0;0;0;0
1761;0;0;0;0;0;0;0;0;0;0;0;0;0
1762;0;0;0;0;0;0;0;0;0;0;0;0;0
1763;0;0;0;0;0;0;0;0;0;0;0;0;0
1764;0;0;0;0;0;0;0;0;0;0;0;0;0
1765;0;0;0;0;0;0;0;0;0;0;0;0;0
1766;0;0;0;0;0;0;0;0;0;0;0;0;0
1767;0;0;0;0;0;0;0;0;0;0;0;0;0
1768;0;0;0;0;0;0;0;0;0;0;0;0;0
1769;0;0;0;0;0;0;0;0;0;0;0;0;0
1770;0;0;0;0;0;0;0;0;0;0;0;0;0
1771;0;0;0;0;0;0;0;0;0;0;0;0;0
1772;0;0;0;0;0;0;0;0;0;0;0;0;0
1773;0;0;0;0;0;0;0;0;0;0;0;0;0
1774;0;0;0;0;0;0;0;0;0;0;0;0;0
1775;0;0;0;0;0;0;0;0;0;0;0;0;0
1776;0;0;0;0;0;0;0;0;0;0;0;0;0
1777;0;0;0;0;0;0;0;0;0;0;0;0;0
1778;0;0;0;0;0;0;0;0;0;0;0;0;0
1779;0;0;0;0;0;0;0;0;0;0;0;0;0
1780;0;0;0;0;0;0;0;0;0;0;0;0;0
1781;0;0;0;0;0;0;0;0;0;0;0;0;0
1782;0;0;0;0;0;0;0;0;0;0;0;0;0
1783;0;0;0;0;0;0;0;0;0;0;0;0;0
1784;0;0;0;0;0;0;0;0;0;0;0;0;0
1785;0;0;0;0;0;0;0;0;0;0;0;0;0
1786;0;0;0;0;0;0;0;0;0;0;0;0;0
1787;0;0;0;0;0;0;0;0;0;0;0;0;0
1788;0;0;0;0;0;0;0;0;0;0;0;0;0
1789;0;0;0;0;0;0;0;0;0;0;0;0;0
1790;0;0;0;0;0;0;0;0;0;0;0;0;0
1791;0;0;0;0;0;0;0;0;0;0;0;0;0
1792;0;0;0;0;0;0;0;0;0;0;0;0;0
1793;0;0;0;0;0;0;0;0;0;0;0;0;0
1794;0;0;0;0;0;0;0;0;0;0;0;0;0
1795;0;0;0;0;0;0;0;0;0;0;0;0;0
1796;0;0;0;0;0;0;0;0;0;0;0;0;0
1797;0;0;0;0;0;0;0;0;0;0;0;0;0
1798;0;0;0;0;0;0;0;0;0;0;0;0;0
1799;0;0;0;0;0;0;0;0;0;0;0;0;0
1800;0;0;0;0;0;0;0;0;0;0;0;0;0
1801;0;0;0;0;0;0;0;0;0;0;0;0;0
1802;0;0;0;0;0;0;0;0;0;0;0;0;0
1803;0;0;0;0;0;0;0;0;0;0;0;0;0
1804;0;0;0;0;0;0;0;0;0;0;0;0;0
1805;0;0;0;0;0;0;0;0;0;0;0;0;0
1806;0;0;0;0;0;0;0;0;0;0;0;0;0
1807;0;0;0;0;0;0;0;0;0;0;0;0;0
1808;0;0;0;0;0;0;0;0;0;0;0;0;0
1809;0;0;0;0;0;0;0;0;0;0;0;0;0
1810;0;0;0;0;0;0;0;0;0;0;0;0;0
1811;0;0;0;0;0;0;0;0;0;0;0;0;0
1812;0;0;0;0;0;0;0;0;0;0;0;0;0
1813;0;0;0;0;0;0;0;0;0;0;0;0;0
1814;0;0;0;0;0;0;0;0;0;0;0;0;0
1815;0;0;0;0;0;0;0;0;0;0;0;0;0
1816;0;0;0;0;0;0;0;0;0;0;0;0;0
1817;0;0;0;0;0;0;0;0;0;0;0;0;0
1818;0;0;0;0;0;0;0;0;0;0;0;0;0
1819;0;0;0;0;0;0;0;0;0;0;0;0;0
1820;0;0;0;0;0;0;0;0;0;0;0;0;0
1821;0;0;0;0;0;0;0;0;0;0;0;0;0
1822;0;0;0;0;0;0;0;0;0;0;0;0;0
1823;0;0;0;0;0;0;0;0;0;0;0;0;0
1824;0;0;0;0;0;0;0;0;0;0;0;0;0
1825;0;0;0;0;0;0;0;0;0;0;0;0;0
1826;0;0;0;0;0;0;0;0;0;0;0;0;0
1827;0;0;0;0;0;0;0;0;0;0;0;0;0
1828;0;0;0;0;0;0;0;0;0;0;0;0;0
1829;0;0;0;0;0;0;0;0;0;0;0;0;0
1830;0;0;0;0;0;0;0;0;0;0;0;0;0
1831;0;0;0;0;0;0;0;0;0;0;0;0;0
1832;0;0;0;0;0;0;0;0;0;0;0;0;0
1833;0;0;0;0;0;0;0;0;0;0;0;0;0
1834;0;0;0;0;0;0;0;0;0;0;0;0;0
1835;0;0;0;0;0;0;0;0;0;0;0;0;0
1836;0;0;0;0;0;0;0;0;0;0;0;0;0
1837;0;0;0;0;0;0;0;0;0;0;0;0;0
1838;0;0;0;0;0;0;0;0;0;0;0;0;0
1839;0;0;0;0;0;0;0;0;0;0;0;0;0
1840;0;0;0;0;0;0;0;0;0;0;0;0;0
1841;0;0;0;0;0;0;0;0;0;0;0;0;0
1842;0;0;0;0;0;0;0;0;0;0;0;0;0
1843;0;0;0;0;0;0;0;0;0;0;0;0;0
1844;0;0;0;0;0;0;0;0;0;0;0;0;0
1845;0;0;0;0;0;0;0;0;0;0;0;0;0
1846;0;0;0;0;0;0;0;0;0;0;0;0;0
1847;0;0;0;0;0;0;0;0;0;0;0;0;0
1848;0;0;0;0;0;0;0;0;0;0;0;0;0
1849;0;0;0;0;0;0;0;0;0;0;0;0;0
1850;0;0;0;0;0;0;0;0;0;0;0;0;0
1851;0;0;0;0;0;0;0;0;0;0;0;0;0
1852;0;0;0;0;0;0;0;0;0;0;0;0;0
1853;0;0;0;0;0;0;0;0;0;0;0;0;0
1854;0;0;0;0;0;0;0;0;0;0;0;0;0
1855;0;0;0;0;0;0;0;0;0;0;0;0;0
1856;0;0;0;0;0;0;0;0;0;0;0;0;0
1857;0;0;0;0;0;0;0;0;0;0;0;0;0
1858;0;0;0;0;0;0;0;0;0;0;0;0;0
1859;0;0;0;0;0;0;0;0;0;0;0;0;0
1860;0;0;0;0;0;0;0;0;0;0;0;0;0
1861;0;0;0;0;0;0;0;0;0;0;0;0;0
1862;0;0;0;0;0;0;0;0;0;0;0;0;0
1863;0;0;0;0;0;0;0;0;0;0;0;0;0
1864;0;0;0;0;0;0;0;0;0;0;0;0;0
1865;0;0;0;0;0;0;0;0;0;0;0;0;0
1866;0;0;0;0;0;0;0;0;0;0;0;0;0
1867;0;0;0;0;0;0;0;0;0;0;0;0;0
1868;0;0;0;0;0;0;0;0;0;0;0;0;0
1869;0;0;0;0;0;0;0;0;0;0;0;0;0
1870;0;0;0;0;0;0;0;0;0;0;0;0;0
1871;0;0;0;0;0;0;0;0;0;0;0;0;0
1872;0;0;0;0;0;0;0;0;0;0;0;0;0
1873;0;0;0;0;0;0;0;0;0;0;0;0;0
1874;0;0;0;0;0;0;0;0;0;0;0;0;0
1875;0;0;0;0;0;0;0;0;0;0;0;0;0
1876;0;0;0;0;0;0;0;0;0;0;0;0;0
1877;0;0;0;0;0;0;0;0;0;0;0;0;0
1878;0;0;0;0;0;0;0;0;0;0;0;0;0
1879;0;0;0;0;0;0;0;0;0;0;0;0;0
1880;0;0;0;0;0;0;0;0;0;0;0;0;0
1881;0;0;0;0;0;0;0;0;0;0;0;0;0
1882;0;0;0;0;0;0;0;0;0;0;0;0;0
1883;0;0;0;0;0;0;0;0;0;0;0;0;0
1884;0;0;0;0;0;0;0;0;0;0;0;0;0
1885;0;0;0;0;0;0;0;0;0;0;0;0;0
1886;0;0;0;0;0;0;0;0;0;0;0;0;0
1887;0;0;0;0;0;0;0;0;0;0;0;0;0
1888;0;0;0;0;0;0;0;0;0;0;0;0;0
1889;0;0;0;0;0;0;0;0;0;0;0;0;0
1890;0;0;0;0;0;0;0;0;0;0;0;0;0
1891;0;0;0;0;0;0;0;0;0;0;0;0;0
1892;0;0;0;0;0;0;0;0;0;0;0;0;0
1893;0;0;0;0;0;0;0;0;0;0;0;0;0
1894;0;0;0;0;0;0;0;0;0;0;0;0;0
1895;0;0;0;0;0;0;0;0;0;0;0;0;0
1896;0;0;0;0;0;0;0;0;0;0;0;0;0
1897;0;0;0;0;0;0;0;0;0;0;0;0;0
1898;0;0;0;0;0;0;0;0;0;0;0;0;0
1899;0;0;0;0;0;0;0;0;0;0;0;0;0
1900;0;0;0;0;0;0;0;0;0;0;0;0;0
1901;0;0;0;0;0;0;0;0;0;0;0;0;0
1902;0;0;0;0;0;0;0;0;0;0;0;0;0
1903;0;0;0;0;0;0;0;0;0;0;0;0;0
1904;0;0;0;0;0;0;0;0;0;0;0;0;0
1905;0;0;0;0;0;0;0;0;0;0;0;0;0
1906;0;0;0;0;0;0;0;0;0;0;0;0;0
1907;0;0;0;0;0;0;0;0;0;0;0;0;0
1908;0;0;0;0;0;0;0;0;0;0;0;0;0
1909;0;0;0;0;0;0;0;0;0;0;0;0;0
1910;0;0;0;0;0;0;0;0;0;0;0;0;0
1911;0;0;0;0;0;0;0;0;0;0;0;0;0
1912;0;0;0;0;0;0;0;0;0;0;0;0;0
1913;0;0;0;0;0;0;0;0;0;0;0;0;0
1914;0;0;0;0;0;0;0;0;0;0;0;0;0
1915;0;0;0;0;0;0;0;0;0;0;0;0;0
1916;0;0;0;0;0;0;0;0;0;0;0;0;0
1917;0;0;0;0;0;0;0;0;0;0;0;0;0
1918;0;0;0;0;0;0;0;0;0;0;0;0;0
1919;0;0;0;0;0;0;0;0;0;0;0;0;0
1920;0;0;0;0;0;0;0;0;0;0;0;0;0
1921;0;0;0;0;0;0;0;0;0;0;0;0;0
1922;0;0;0;0;0;0;0;0;0;0;0;0;0
1923;0;0;0;0;0;0;0;0;0;0;0;0;0
1924;0;0;0;0;0;0;0;0;0;0;0;0;0
1925;0;0;0;0;0;0;0;0;0;0;0;0;0
1926;0;0;0;0;0;0;0;0;0;0;0;0;0
1927;0;0;0;0;0;0;0;0;0;0;0;0;0
1928;0;0;0;0;0;0;0;0;0;0;0;0;0
1929;0;0;0;0;0;0;0;0;0;0;0;0;0
1930;0;0;0;0;0;0;0;0;0;0;0;0;0
1931;0;0;0;0;0;0;0;0;0;0;0;0;0
1932;0;0;0;0;0;0;0;0;0;0;0;0;0
1933;0;0;0;0;0;0;0;0;0;0;0;0;0
1934;0;0;0;0;0;0;0;0;0;0;0;0;0
1935;0;0;0;0;0;0;0;0;0;0;0;0;0
1936;0;0;0;0;0;0;0;0;0;0;0;0;0
1937;0;0;0;0;0;0;0;0;0;0;0;0;0
1938;0;0;0;0;0;0;0;0;0;0;0;0;0
1939;0;0;0;0;0;0;0;0;0;0;0;0;0
1940;0;0;0;0;0;0;0;0;0;0;0;0;0
1941;0;0;0;0;0;0;0;0;0;0;0;0;0
1942;0;0;0;0;0;0;0;0;0;0;0;0;0
1943;0;0;0;0;0;0;0;0;0;0;0;0;0
1944;0;0;0;0;0;0;0;0;0;0;0;0;0
1945;0;0;0;0;0;0;0;0;0;0;0;0;0
1946;0;0;0;0;0;0;0;0;0;0;0;0;0
1947;0;0;0;0;0;0;0;0;0;0;0;0;0
1948;0;0;0;0;0;0;0;0;0;0;0;0;0
1949;0;0;0;0;0;0;0;0;0;0;0;0;0
1950;0;0;0;0;0;0;0;0;0;0;0;0;0
1951;0;0;0;0;0;0;0;0;0;0;0;0;0
1952;0;0;0;0;0;0;0;0;0;0;0;0;0
1953;0;0;0;0;0;0;0;0;0;0;0;0;0
1954;0;0;0;0;0;0;0;0;0;0;0;0;0
1955;0;0;0;0;0;0;0;0;0;0;0;0;0
1956;0;0;0;0;0;0;0;0;0;0;0;0;0
1957;0;0;0;0;0;0;0;0;0;0;0;0;0
1958;0;0;0;0;0;0;0;0;0;0;0;0;0
1959;0;0;0;0;0;0;0;0;0;0;0;0;0
1960;0;0;0;0;0;0;0;0;0;0;0;0;0
1961;0;0;0;0;0;0;0;0;0;0;0;0;0
1962;0;0;0;0;0;0;0;0;0;0;0;0;0
1963;0;0;0;0;0;0;0;0;0;0;0;0;0
1964;0;0;0;0;0;0;0;0;0;0;0;0;0
1965;0;0;0;0;0;0;0;0;0;0;0;0;0
1966;0;0;0;0;0;0;0;0;0;0;0;0;0
1967;0;0;0;0;0;0;0;0;0;0;0;0;0
1968;0;0;0;0;0;0;0;0;0;0;0;0;0
1969;0;0;0;0;0;0;0;0;0;0;0;0;0
1970;0;0;0;0;0;0;0;0;0;0;0;0;0
1971;0;0;0;0;0;0;0;0;0;0;0;0;0
1972;0;0;0;0;0;0;0;0;0;0;0;0;0
1973;0;0;0;0;0;0;0;0;0;0;0;0;0
1974;0;0;0;0;0;0;0;0;0;0;0;0;0
1975;0;0;0;0;0;0;0;0;0;0;0;0;0
1976;0;0;0;0;0;0;0;0;0;0;0;0;0
1977;0;0;0;0;0;0;0;0;0;0;0;0;0
1978;0;0;0;0;0;0;0;0;0;0;0;0;0
1979;0;0;0;0;0;0;0;0;0;0;0;0;0
1980;0;0;0;0;0;0;0;0;0;0;0;0;0
1981;0;0;0;0;0;0;0;0;0;0;0;0;0
1982;0;0;0;0;0;0;0;0;0;0;0;0;0
1983;0;0;0;0;0;0;0;0;0;0;0;0;0
1984;0;0;0;0;0;0;0;0;0;0;0;0;0
1985;0;0;0;0;0;0;0;0;0;0;0;0;0
1986;0;0;0;0;0;0;0;0;0;0;0;0;0
1987;0;0;0;0;0;0;0;0;0;0;0;0;0
1988;0;0;0;0;0;0;0;0;0;0;0;0;0
1989;0;0;0;0;0;0;0;0;0;0;0;0;0
1990;0;0;0;0;0;0;0;0;0;0;0;0;0
1991;0;0;0;0;0;0;0;0;0;0;0;0;0
1992;0;0;0;0;0;0;0;0;0;0;0;0;0
1993;0;0;0;0;0;0;0;0;0;0;0;0;0
1994;0;0;0;0;0;0;0;0;0;0;0;0;0
1995;0;0;0;0;0;0;0;0;0;0;0;0;0
1996;0;0;0;0;0;0;0;0;0;0;0;0;0
1997;0;0;0;0;0;0;0;0;0;0;0;0;0
1998;0;0;0;0;0;0;0;0;0;0;0;0;0
1999;0;0;0;0;0;0;0;0;0;0;0;0;0
2000;0;0;0;0;0;0;0;0;0;0;0;0;0
2001;0;0;0;0;0;0;0;0;0;0;0;0;0
2002;0;0;0;0;0;0;0;0;0;0;0;0;0
2003;0;0;0;0;0;0;0;0;0;0;0;0;0
2004;0;0;0;0;0;0;0;0;0;0;0;0;0
2005;0;0;0;0;0;0;0;0;0;0;0;0;0
2006;0;0;0;0;0;0;0;0;0;0;0;0;0
2007;0;0;0;0;0;0;0;0;0;0;0;0;0
2008;0;0;0;0;0;0;0;0;0;0;0;0;0
2009;0;0;0;0;0;0;0;0;0;0;0;0;0
2010;0;0;0;0;0;0;0;0;0;0;0;0;0
2011;0;0;0;0;0;0;0;0;0;0;0;0;0
2012;0;0;0;0;0;0;0;0;0;0;0;0;0
2013;0;0;0;0;0;0;0;0;0;0;0;0;0
2014;0;0;0;0;0;0;0;0;0;0;0;0;0
2015;0;0;0;0;0;0;0;0;0;0;0;0;0
2016;0;0;0;0;0;0;0;0;0;0;0;0;0
2017;0;0;0;0;0;0;0;0;0;0;0;0;0
2018;0;0;0;0;0;0;0;0;0;0;0;0;0
2019;0;0;0;0;0;0;0;0;0;0;0;0;0
2020;0;0;0;0;0;0;0;0;0;0;0;0;0
2021;0;0;0;0;0;0;0;0;0;0;0;0;0
2022;0;0;0;0;0;0;0;0;0;0;0;0;0
2023;0;0;0;0;0;0;0;0;0;0;0;0;0
2024;0;0;0;0;0;0;0;0;0;0;0;0;0
2025;0;0;0;0;0;0;0;0;0;0;0;0;0
2026;0;0;0;0;0;0;0;0;0;0;0;0;0
2027;0;0;0;0;0;0;0;0;0;0;0;0;0
2028;0;0;0;0;0;0;0;0;0;0;0;0;0
2029;0;0;0;0;0;0;0;0;0;0;0;0;0
2030;0;0;0;0;0;0;0;0;0;0;0;0;0
2031;0;0;0;0;0;0;0;0;0;0;0;0;0
2032;0;0;0;0;0;0;0;0;0;0;0;0;0
2033;0;0;0;0;0;0;0;0;0;0;0;0;0
2034;0;0;0;0;0;0;0;0;0;0;0;0;0
2035;0;0;0;0;0;0;0;0;0;0;0;0;0
2036;0;0;0;0;0;0;0;0;0;0;0;0;0
2037;0;0;0;0;0;0;0;0;0;0;0;0;0
2038;0;0;0;0;0;0;0;0;0;0;0;0;0
2039;0;0;0;0;0;0;0;0;0;0;0;0;0
2040;0;0;0;0;0;0;0;0;0;0;0;0;0
2041;0;0;0;0;0;0;0;0;0;0;0;0;0
2042;0;0;0;0;0;0;0;0;0;0;0;0;0
2043;0;0;0;0;0;0;0;0;0;0;0;0;0
2044;0;0;0;0;0;0;0;0;0;0;0;0;0
2045;0;0;0;0;0;0;0;0;0;0;0;0;0
2046;0;0;0;0;0;0;0;0;0;0;0;0;0
2047;0;0;0;0;0;0;0;0;0;0;0;0;0
2048;0;0;0;0;0;0;0;0;0;0;0;0;0
2049;0;0;0;0;0;0;0;0;0;0;0;0;0
2050;0;0;0;0;0;0;0;0;0;0;0;0;0
2051;0;0;0;0;0;0;0;0;0;0;0;0;0
2052;0;0;0;0;0;0;0;0;0;0;0;0;0
2053;0;0;0;0;0;0;0;0;0;0;0;0;0
2054;0;0;0;0;0;0;0;0;0;0;0;0;0
2055;0;0;0;0;0;0;0;0;0;0;0;0;0
2056;0;0;0;0;0;0;0;0;0;0;0;0;0
2057;0;0;0;0;0;0;0;0;0;0;0;0;0
2058;0;0;0;0;0;0;0;0;0;0;0;0;0
2059;0;0;0;0;0;0;0;0;0;0;0;0;0
2060;0;0;0;0;0;0;0;0;0;0;0;0;0
2061;0;0;0;0;0;0;0;0;0;0;0;0;0
2062;0;0;0;0;0;0;0;0;0;0;0;0;0
2063;0;0;0;0;0;0;0;0;0;0;0;0;0
2064;0;0;0;0;0;0;0;0;0;0;0;0;0
2065;0;0;0;0;0;0;0;0;0;0;0;0;0.00022389
2066;0;0;0;0;0;0;0;0;0;0;0;0;0.00073676
2067;0;0;0;0;0;0;0;0;0;0;0;0;0.00164703
2068;0;0;0;0;0;0;0;0;0;0;0;0;0.00301151
2069;0;0;0;0;0;0;0;0;0;0;0;0;0.00458328
2070;0;0;0;0;0;0;0;0;0;0;0;0;0.00592584
2071;0;0;0;0;0;0;0;0;0;0;0;0;0.00752876
2072;0;0;0;0;0;0;0;0;0;0;0;0;0.00874103
2073;0;0;0;0;0;0;0;0;0;0;0;0;0.01025764
2074;0;0;0;0;0;0;0;0;0;0;0;0;0.01222618
2075;0;0;0;0;0;0;0;0;0;0;0;0;0.01458055
2076;0;0;0;0;0;0;0;0;0;0;0;0;0.01744267
2077;0;0;0;0;0;0;0;0;0;0;0;0;0.02104287
2078;0;0;0;0;0;0;0;0;0;0;0;0;0.02540339
2079;0;0;0;0;0;0;0;0;0;0;0;0;0.03057901
2080;0;0;0;0;0;0;0;0;0;0;0;0;0.03719619
2081;0;0;0;0;0;0;0;0;0;0;0;0;0.04572365
2082;0;0;0;0;0;0;0;0;0;0;0;0;0.05630242
2083;0;0;0;0;0;0;0;0;0;0;0;0;0.06994211
2084;0;0;0;0;0;0;0;0;0;0;0;0;0.08791078
2085;0;0;0;0;0;0;0;0;0;0;0;0;0.11057655
2086;0;0;0;0;0;0;0;0;0;0;0;0;0.13873936
2087;0;0;0;0;0;0;0;0;0;0;0;0;0.17311239
2088;0;0;0;0;0;0;0;0;0;0;0;0;0.21416774
2089;0;0;0;0;0;0;0;0;0;0;0;0;0.26175285
2090;0;0;0;0;0;0;0;0;0;0;0;0;0.31696031
2091;0;0;0;0;0;0;0;0;0;0;0;0;0.38057337
2092;0;0;0;0;0;0;0;0;0;0;0;0;0.44916129
2093;0;0;0;0;0;0;0;0;0;0;0;0;0.52246923
2094;0;0;0;0;0;0;0;0;0;0;0;0;0.59858476
2095;0;0;0;0;0;0;0;0;0;0;0;0;0.67183039
2096;0;0;0;0;0;0;0;0;0;0;0;0;0.73762307
2097;0;0;0;0;0;0;0;0;0;0;0;0;0.79267856
2098;0;0;0;0;0;0;0;0;0;0;0;0;0.83543144
2099;0;0;0;0;0;0;0;0;0;0;0;0;0.86612544
2100;0;0;0;0;0;0;0;0;0;0;0;0;0.88613168
2101;0;0;0;0;0;0;0;0;0;0;0;0;0.89739036
2102;0;0;0;0;0;0;0;0;0;0;0;0;0.90131058
2103;0;0;0;0;0;0;0;0;0;0;0;0;0.90056883
2104;0;0;0;0;0;0;0;0;0;0;0;0;0.89688046
2105;0;0;0;0;0;0;0;0;0;0;0;0;0.89211284
2106;0;0;0;0;0;0;0;0;0;0;0;0;0.88771935
2107;0;0;0;0;0;0;0;0;0;0;0;0;0.88417799
2108;0;0;0;0;0;0;0;0;0;0;0;0;0.88183136
2109;0;0;0;0;0;0;0;0;0;0;0;0;0.88142338
2110;0;0;0;0;0;0;0;0;0;0;0;0;0.88242075
2111;0;0;0;0;0;0;0;0;0;0;0;0;0.88687585
2112;0;0;0;0;0;0;0;0;0;0;0;0;0.89245189
2113;0;0;0;0;0;0;0;0;0;0;0;0;0.89861914
2114;0;0;0;0;0;0;0;0;0;0;0;0;0.90533051
2115;0;0;0;0;0;0;0;0;0;0;0;0;0.91254666
2116;0;0;0;0;0;0;0;0;0;0;0;0;0.91988456
2117;0;0;0;0;0;0;0;0;0;0;0;0;0.92662076
2118;0;0;0;0;0;0;0;0;0;0;0;0;0.93280462
2119;0;0;0;0;0;0;0;0;0;0;0;0;0.9381479
2120;0;0;0;0;0;0;0;0;0;0;0;0;0.94308713
2121;0;0;0;0;0;0;0;0;0;0;0;0;0.94528987
2122;0;0;0;0;0;0;0;0;0;0;0;0;0.94711578
2123;0;0;0;0;0;0;0;0;0;0;0;0;0.94827846
2124;0;0;0;0;0;0;0;0;0;0;0;0;0.94854335
2125;0;0;0;0;0;0;0;0;0;0;0;0;0.94782599
2126;0;0;0;0;0;0;0;0;0;0;0;0;0.94683272
2127;0;0;0;0;0;0;0;0;0;0;0;0;0.94584552
2128;0;0;0;0;0;0;0;0;0;0;0;0;0.94458923
2129;0;0;0;0;0;0;0;0;0;0;0;0;0.94320642
2130;0;0;0;0;0;0;0;0;0;0;0;0;0.94161778
2131;0;0;0;0;0;0;0;0;0;0;0;0;0.94216937
2132;0;0;0;0;0;0;0;0;0;0;0;0;0.94300085
2133;0;0;0;0;0;0;0;0;0;0;0;0;0.94396863
2134;0;0;0;0;0;0;0;0;0;0;0;0;0.94500784
2135;0;0;0;0;0;0;0;0;0;0;0;0;0.94593652
2136;0;0;0;0;0;0;0;0;0;0;0;0;0.94680905
2137;0;0;0;0;0;0;0;0;0;0;0;0;0.94766521
2138;0;0;0;0;0;0;0;0;0;0;0;0;0.94866638
2139;0;0;0;0;0;0;0;0;0;0;0;0;0.94960932
2140;0;0;0;0;0;0;0;0;0;0;0;0;0.95040536
2141;0;0;0;0;0;0;0;0;0;0;0;0;0.95078607
2142;0;0;0;0;0;0;0;0;0;0;0;0;0.95126357
2143;0;0;0;0;0;0;0;0;0;0;0;0;0.95205865
2144;0;0;0;0;0;0;0;0;0;0;0;0;0.9524548
2145;0;0;0;0;0;0;0;0;0;0;0;0;0.95228734
2146;0;0;0;0;0;0;0;0;0;0;0;0;0.95215614
2147;0;0;0;0;0;0;0;0;0;0;0;0;0.95239704
2148;0;0;0;0;0;0;0;0;0;0;0;0;0.95270563
2149;0;0;0;0;0;0;0;0;0;0;0;0;0.95306455
2150;0;0;0;0;0;0;0;0;0;0;0;0;0.9535262
2151;0;0;0;0;0;0;0;0;0;0;0;0;0.95404061
2152;0;0;0;0;0;0;0;0;0;0;0;0;0.9545903
2153;0;0;0;0;0;0;0;0;0;0;0;0;0.95529443
2154;0;0;0;0;0;0;0;0;0;0;0;0;0.95650666
2155;0;0;0;0;0;0;0;0;0;0;0;0;0.95774374
2156;0;0;0;0;0;0;0;0;0;0;0;0;0.95899449
2157;0;0;0;0;0;0;0;0;0;0;0;0;0.96021128
2158;0;0;0;0;0;0;0;0;0;0;0;0;0.96117558
2159;0;0;0;0;0;0;0;0;0;0;0;0;0.96241242
2160;0;0;0;0;0;0;0;0;0;0;0;0;0.96389292
2161;0;0;0;0;0;0;0;0;0;0;0;0;0.9633817
2162;0;0;0;0;0;0;0;0;0;0;0;0;0.96287807
2163;0;0;0;0;0;0;0;0;0;0;0;0;0.96252982
2164;0;0;0;0;0;0;0;0;0;0;0;0;0.96163134
2165;0;0;0;0;0;0;0;0;0;0;0;0;0.96051578
2166;0;0;0;0;0;0;0;0;0;0;0;0;0.95934879
2167;0;0;0;0;0;0;0;0;0;0;0;0;0.95816596
2168;0;0;0;0;0;0;0;0;0;0;0;0;0.95676127
2169;0;0;0;0;0;0;0;0;0;0;0;0;0.95491383
2170;0;0;0;0;0;0;0;0;0;0;0;0;0.95287555
2171;0;0;0;0;0;0;0;0;0;0;0;0;0.95386662
2172;0;0;0;0;0;0;0;0;0;0;0;0;0.95498503
2173;0;0;0;0;0;0;0;0;0;0;0;0;0.9555239
2174;0;0;0;0;0;0;0;0;0;0;0;0;0.95548083
2175;0;0;0;0;0;0;0;0;0;0;0;0;0.9551674
2176;0;0;0;0;0;0;0;0;0;0;0;0;0.95442758
2177;0;0;0;0;0;0;0;0;0;0;0;0;0.95327341
2178;0;0;0;0;0;0;0;0;0;0;0;0;0.95194429
2179;0;0;0;0;0;0;0;0;0;0;0;0;0.95041866
2180;0;0;0;0;0;0;0;0;0;0;0;0;0.9484181
2181;0;0;0;0;0;0;0;0;0;0;0;0;0.94839027
2182;0;0;0;0;0;0;0;0;0;0;0;0;0.94838056
2183;0;0;0;0;0;0;0;0;0;0;0;0;0.94813039
2184;0;0;0;0;0;0;0;0;0;0;0;0;0.94753901
2185;0;0;0;0;0;0;0;0;0;0;0;0;0.94645196
2186;0;0;0;0;0;0;0;0;0;0;0;0;0.94504703
2187;0;0;0;0;0;0;0;0;0;0;0;0;0.9433144
2188;0;0;0;0;0;0;0;0;0;0;0;0;0.94197531
2189;0;0;0;0;0;0;0;0;0;0;0;0;0.94049427
2190;0;0;0;0;0;0;0;0;0;0;0;0;0.93875727
2191;0;0;0;0;0;0;0;0;0;0;0;0;0.94132922
2192;0;0;0;0;0;0;0;0;0;0;0;0;0.9436129
2193;0;0;0;0;0;0;0;0;0;0;0;0;0.94558364
2194;0;0;0;0;0;0;0;0;0;0;0;0;0.94711284
2195;0;0;0;0;0;0;0;0;0;0;0;0;0.94831802
2196;0;0;0;0;0;0;0;0;0;0;0;0;0.94945878
2197;0;0;0;0;0;0;0;0;0;0;0;0;0.95060227
2198;0;0;0;0;0;0;0;0;0;0;0;0;0.95182631
2199;0;0;0;0;0;0;0;0;0;0;0;0;0.95345901
2200;0;0;0;0;0;0;0;0;0;0;0;0;0.95510105
2201;0;0;0;0;0;0;0;0;0;0;0;0;0.95225316
2202;0;0;0;0;0;0;0;0;0;0;0;0;0.95033203
2203;0;0;0;0;0;0;0;0;0;0;0;0;0.94956701
2204;0;0;0;0;0;0;0;0;0;0;0;0;0.94895037
2205;0;0;0;0;0;0;0;0;0;0;0;0;0.94955832
2206;0;0;0;0;0;0;0;0;0;0;0;0;0.95152282
2207;0;0;0;0;0;0;0;0;0;0;0;0;0.95486528
2208;0;0;0;0;0;0;0;0;0;0;0;0;0.95963437
2209;0;0;0;0;0;0;0;0;0;0;0;0;0.96607045
2210;0;0;0;0;0;0;0;0;0;0;0;0;0.97375116
2211;0;0;0;0;0;0;0;0;0;0;0;0;0.97078626
2212;0;0;0;0;0;0;0;0;0;0;0;0;0.96900558
2213;0;0;0;0;0;0;0;0;0;0;0;0;0.96819786
2214;0;0;0;0;0;0;0;0;0;0;0;0;0.96750837
2215;0;0;0;0;0;0;0;0;0;0;0;0;0.9674355
2216;0;0;0;0;0;0;0;0;0;0;0;0;0.96792378
2217;0;0;0;0;0;0;0;0;0;0;0;0;0.96839035
2218;0;0;0;0;0;0;0;0;0;0;0;0;0.96883692
2219;0;0;0;0;0;0;0;0;0;0;0;0;0.9693902
2220;0;0;0;0;0;0;0;0;0;0;0;0;0.96985301
2221;0;0;0;0;0;0;0;0;0;0;0;0;0.96898817
2222;0;0;0;0;0;0;0;0;0;0;0;0;0.96814874
2223;0;0;0;0;0;0;0;0;0;0;0;0;0.96743874
2224;0;0;0;0;0;0;0;0;0;0;0;0;0.96638941
2225;0;0;0;0;0;0;0;0;0;0;0;0;0.96534457
2226;0;0;0;0;0;0;0;0;0;0;0;0;0.96425351
2227;0;0;0;0;0;0;0;0;0;0;0;0;0.96281969
2228;0;0;0;0;0;0;0;0;0;0;0;0;0.96155971
2229;0;0;0;0;0;0;0;0;0;0;0;0;0.96053251
2230;0;0;0;0;0;0;0;0;0;0;0;0;0.95926107
2231;0;0;0;0;0;0;0;0;0;0;0;0;0.95959913
2232;0;0;0;0;0;0;0;0;0;0;0;0;0.96025143
2233;0;0;0;0;0;0;0;0;0;0;0;0;0.96154033
2234;0;0;0;0;0;0;0;0;0;0;0;0;0.96262988
2235;0;0;0;0;0;0;0;0;0;0;0;0;0.96359875
2236;0;0;0;0;0;0;0;0;0;0;0;0;0.96467154
2237;0;0;0;0;0;0;0;0;0;0;0;0;0.9654114
2238;0;0;0;0;0;0;0;0;0;0;0;0;0.96625109
2239;0;0;0;0;0;0;0;0;0;0;0;0;0.96744643
2240;0;0;0;0;0;0;0;0;0;0;0;0;0.96878244
2241;0;0;0;0;0;0;0;0;0;0;0;0;0.97046916
2242;0;0;0;0;0;0;0;0;0;0;0;0;0.97234778
2243;0;0;0;0;0;0;0;0;0;0;0;0;0.97422228
2244;0;0;0;0;0;0;0;0;0;0;0;0;0.9759326
2245;0;0;0;0;0;0;0;0;0;0;0;0;0.97713045
2246;0;0;0;0;0;0;0;0;0;0;0;0;0.97892333
2247;0;0;0;0;0;0;0;0;0;0;0;0;0.98039008
2248;0;0;0;0;0;0;0;0;0;0;0;0;0.98147316
2249;0;0;0;0;0;0;0;0;0;0;0;0;0.98248415
2250;0;0;0;0;0;0;0;0;0;0;0;0;0.9832885
2251;0;0;0;0;0;0;0;0;0;0;0;0;0.98458694
2252;0;0;0;0;0;0;0;0;0;0;0;0;0.9866985
2253;0;0;0;0;0;0;0;0;0;0;0;0;0.98911057
2254;0;0;0;0;0;0;0;0;0;0;0;0;0.99119702
2255;0;0;0;0;0;0;0;0;0;0;0;0;0.99315819
2256;0;0;0;0;0;0;0;0;0;0;0;0;0.99524701
2257;0;0;0;0;0;0;0;0;0;0;0;0;0.99668121
2258;0;0;0;0;0;0;0;0;0;0;0;0;0.99826512
2259;0;0;0;0;0;0;0;0;0;0;0;0;0.99959594
2260;0;0;0;0;0;0;0;0;0;0;0;0;1
2261;0;0;0;0;0;0;0;0;0;0;0;0;0.99866374
2262;0;0;0;0;0;0;0;0;0;0;0;0;0.99576531
2263;0;0;0;0;0;0;0;0;0;0;0;0;0.99062502
2264;0;0;0;0;0;0;0;0;0;0;0;0;0.98155399
2265;0;0;0;0;0;0;0;0;0;0;0;0;0.96876193
2266;0;0;0;0;0;0;0;0;0;0;0;0;0.95174168
2267;0;0;0;0;0;0;0;0;0;0;0;0;0.92942389
2268;0;0;0;0;0;0;0;0;0;0;0;0;0.90240499
2269;0;0;0;0;0;0;0;0;0;0;0;0;0.8705554
2270;0;0;0;0;0;0;0;0;0;0;0;0;0.83207693
2271;0;0;0;0;0;0;0;0;0;0;0;0;0.78626172
2272;0;0;0;0;0;0;0;0;0;0;0;0;0.73649625
2273;0;0;0;0;0;0;0;0;0;0;0;0;0.68202115
2274;0;0;0;0;0;0;0;0;0;0;0;0;0.62329799
2275;0;0;0;0;0;0;0;0;0;0;0;0;0.56418429
2276;0;0;0;0;0;0;0;0;0;0;0;0;0.50680538
2277;0;0;0;0;0;0;0;0;0;0;0;0;0.4515209
2278;0;0;0;0;0;0;0;0;0;0;0;0;0.4006232
2279;0;0;0;0;0;0;0;0;0;0;0;0;0.35430248
2280;0;0;0;0;0;0;0;0;0;0;0;0;0.30995212
2281;0;0;0;0;0;0;0;0;0;0;0;0;0.26941268
2282;0;0;0;0;0;0;0;0;0;0;0;0;0.23418861
2283;0;0;0;0;0;0;0;0;0;0;0;0;0.20232924
2284;0;0;0;0;0;0;0;0;0;0;0;0;0.17373524
2285;0;0;0;0;0;0;0;0;0;0;0;0;0.14941215
2286;0;0;0;0;0;0;0;0;0;0;0;0;0.1290062
2287;0;0;0;0;0;0;0;0;0;0;0;0;0.11157271
2288;0;0;0;0;0;0;0;0;0;0;0;0;0.09693492
2289;0;0;0;0;0;0;0;0;0;0;0;0;0.08490613
2290;0;0;0;0;0;0;0;0;0;0;0;0;0.07409041
2291;0;0;0;0;0;0;0;0;0;0;0;0;0.06449244
2292;0;0;0;0;0;0;0;0;0;0;0;0;0.056343
2293;0;0;0;0;0;0;0;0;0;0;0;0;0.0493999
2294;0;0;0;0;0;0;0;0;0;0;0;0;0.04321207
2295;0;0;0;0;0;0;0;0;0;0;0;0;0.03800099
2296;0;0;0;0;0;0;0;0;0;0;0;0;0.03348242
2297;0;0;0;0;0;0;0;0;0;0;0;0;0.02900748
2298;0;0;0;0;0;0;0;0;0;0;0;0;0.0251013
2299;0;0;0;0;0;0;0;0;0;0;0;0;0.02003645
2300;0;0;0;0;0;0;0;0;0;0;0;0;0.01384563
2301;0;0;0;0;0;0;0;0;0;0;0;0;0.00850471
2302;0;0;0;0;0;0;0;0;0;0;0;0;0.00443484
2303;0;0;0;0;0;0;0;0;0;0;0;0;0.00085324
2304;0;0;0;0;0;0;0;0;0;0;0;0;0
2305;0;0;0;0;0;0;0;0;0;0;0;0;0
2306;0;0;0;0;0;0;0;0;0;0;0;0;0
2307;0;0;0;0;0;0;0;0;0;0;0;0;0
2308;0;0;0;0;0;0;0;0;0;0;0;0;0
2309;0;0;0;0;0;0;0;0;0;0;0;0;0
2310;0;0;0;0;0;0;0;0;0;0;0;0;0
2311;0;0;0;0;0;0;0;0;0;0;0;0;0
2312;0;0;0;0;0;0;0;0;0;0;0;0;0
2313;0;0;0;0;0;0;0;0;0;0;0;0;0
2314;0;0;0;0;0;0;0;0;0;0;0;0;0
2315;0;0;0;0;0;0;0;0;0;0;0;0;0
2316;0;0;0;0;0;0;0;0;0;0;0;0;0
2317;0;0;0;0;0;0;0;0;0;0;0;0;0
2318;0;0;0;0;0;0;0;0;0;0;0;0;0
2319;0;0;0;0;0;0;0;0;0;0;0;0;0
2320;0;0;0;0;0;0;0;0;0;0;0;0;0
2321;0;0;0;0;0;0;0;0;0;0;0;0;0
2322;0;0;0;0;0;0;0;0;0;0;0;0;0
2323;0;0;0;0;0;0;0;0;0;0;0;0;0
2324;0;0;0;0;0;0;0;0;0;0;0;0;0
2325;0;0;0;0;0;0;0;0;0;0;0;0;0
2326;0;0;0;0;0;0;0;0;0;0;0;0;0
2327;0;0;0;0;0;0;0;0;0;0;0;0;0
2328;0;0;0;0;0;0;0;0;0;0;0;0;0
2329;0;0;0;0;0;0;0;0;0;0;0;0;0
2330;0;0;0;0;0;0;0;0;0;0;0;0;0
2331;0;0;0;0;0;0;0;0;0;0;0;0;0
2332;0;0;0;0;0;0;0;0;0;0;0;0;0
2333;0;0;0;0;0;0;0;0;0;0;0;0;0
2334;0;0;0;0;0;0;0;0;0;0;0;0;0
2335;0;0;0;0;0;0;0;0;0;0;0;0;0
2336;0;0;0;0;0;0;0;0;0;0;0;0;0
2337;0;0;0;0;0;0;0;0;0;0;0;0;0
2338;0;0;0;0;0;0;0;0;0;0;0;0;0
2339;0;0;0;0;0;0;0;0;0;0;0;0;0
2340;0;0;0;0;0;0;0;0;0;0;0;0;0
2341;0;0;0;0;0;0;0;0;0;0;0;0;0
2342;0;0;0;0;0;0;0;0;0;0;0;0;0
2343;0;0;0;0;0;0;0;0;0;0;0;0;0
2344;0;0;0;0;0;0;0;0;0;0;0;0;0
2345;0;0;0;0;0;0;0;0;0;0;0;0;0
2346;0;0;0;0;0;0;0;0;0;0;0;0;0
2347;0;0;0;0;0;0;0;0;0;0;0;0;0
2348;0;0;0;0;0;0;0;0;0;0;0;0;0
2349;0;0;0;0;0;0;0;0;0;0;0;0;0
2350;0;0;0;0;0;0;0;0;0;0;0;0;0
2351;0;0;0;0;0;0;0;0;0;0;0;0;0
2352;0;0;0;0;0;0;0;0;0;0;0;0;0
2353;0;0;0;0;0;0;0;0;0;0;0;0;0
2354;0;0;0;0;0;0;0;0;0;0;0;0;0
2355;0;0;0;0;0;0;0;0;0;0;0;0;0
2356;0;0;0;0;0;0;0;0;0;0;0;0;0
2357;0;0;0;0;0;0;0;0;0;0;0;0;0
2358;0;0;0;0;0;0;0;0;0;0;0;0;0
2359;0;0;0;0;0;0;0;0;0;0;0;0;0
2360;0;0;0;0;0;0;0;0;0;0;0;0;0
2361;0;0;0;0;0;0;0;0;0;0;0;0;0
2362;0;0;0;0;0;0;0;0;0;0;0;0;0
2363;0;0;0;0;0;0;0;0;0;0;0;0;0
2364;0;0;0;0;0;0;0;0;0;0;0;0;0
2365;0;0;0;0;0;0;0;0;0;0;0;0;0
2366;0;0;0;0;0;0;0;0;0;0;0;0;0
2367;0;0;0;0;0;0;0;0;0;0;0;0;0
2368;0;0;0;0;0;0;0;0;0;0;0;0;0
2369;0;0;0;0;0;0;0;0;0;0;0;0;0
2370;0;0;0;0;0;0;0;0;0;0;0;0;0
2371;0;0;0;0;0;0;0;0;0;0;0;0;0
2372;0;0;0;0;0;0;0;0;0;0;0;0;0
2373;0;0;0;0;0;0;0;0;0;0;0;0;0
2374;0;0;0;0;0;0;0;0;0;0;0;0;0
2375;0;0;0;0;0;0;0;0;0;0;0;0;0
2376;0;0;0;0;0;0;0;0;0;0;0;0;0
2377;0;0;0;0;0;0;0;0;0;0;0;0;0
2378;0;0;0;0;0;0;0;0;0;0;0;0;0
2379;0;0;0;0;0;0;0;0;0;0;0;0;0
2380;0;0;0;0;0;0;0;0;0;0;0;0;0
2381;0;0;0;0;0;0;0;0;0;0;0;0;0
2382;0;0;0;0;0;0;0;0;0;0;0;0;0
2383;0;0;0;0;0;0;0;0;0;0;0;0;0
2384;0;0;0;0;0;0;0;0;0;0;0;0;0
2385;0;0;0;0;0;0;0;0;0;0;0;0;0
2386;0;0;0;0;0;0;0;0;0;0;0;0;0
2387;0;0;0;0;0;0;0;0;0;0;0;0;0
2388;0;0;0;0;0;0;0;0;0;0;0;0;0
2389;0;0;0;0;0;0;0;0;0;0;0;0;0
2390;0;0;0;0;0;0;0;0;0;0;0;0;0
2391;0;0;0;0;0;0;0;0;0;0;0;0;0
2392;0;0;0;0;0;0;0;0;0;0;0;0;0
2393;0;0;0;0;0;0;0;0;0;0;0;0;0
2394;0;0;0;0;0;0;0;0;0;0;0;0;0
2395;0;0;0;0;0;0;0;0;0;0;0;0;0
2396;0;0;0;0;0;0;0;0;0;0;0;0;0
2397;0;0;0;0;0;0;0;0;0;0;0;0;0
2398;0;0;0;0;0;0;0;0;0;0;0;0;0
2399;0;0;0;0;0;0;0;0;0;0;0;0;0
2400;0;0;0;0;0;0;0;0;0;0;0;0;0
2401;0;0;0;0;0;0;0;0;0;0;0;0;0
2402;0;0;0;0;0;0;0;0;0;0;0;0;0
2403;0;0;0;0;0;0;0;0;0;0;0;0;0
2404;0;0;0;0;0;0;0;0;0;0;0;0;0
2405;0;0;0;0;0;0;0;0;0;0;0;0;0
2406;0;0;0;0;0;0;0;0;0;0;0;0;0
2407;0;0;0;0;0;0;0;0;0;0;0;0;0
2408;0;0;0;0;0;0;0;0;0;0;0;0;0
2409;0;0;0;0;0;0;0;0;0;0;0;0;0
2410;0;0;0;0;0;0;0;0;0;0;0;0;0
2411;0;0;0;0;0;0;0;0;0;0;0;0;0
2412;0;0;0;0;0;0;0;0;0;0;0;0;0
2413;0;0;0;0;0;0;0;0;0;0;0;0;0
2414;0;0;0;0;0;0;0;0;0;0;0;0;0
2415;0;0;0;0;0;0;0;0;0;0;0;0;0
2416;0;0;0;0;0;0;0;0;0;0;0;0;0
2417;0;0;0;0;0;0;0;0;0;0;0;0;0
2418;0;0;0;0;0;0;0;0;0;0;0;0;0
2419;0;0;0;0;0;0;0;0;0;0;0;0;0
2420;0;0;0;0;0;0;0;0;0;0;0;0;0
2421;0;0;0;0;0;0;0;0;0;0;0;0;0
2422;0;0;0;0;0;0;0;0;0;0;0;0;0
2423;0;0;0;0;0;0;0;0;0;0;0;0;0
2424;0;0;0;0;0;0;0;0;0;0;0;0;0
2425;0;0;0;0;0;0;0;0;0;0;0;0;0
2426;0;0;0;0;0;0;0;0;0;0;0;0;0
2427;0;0;0;0;0;0;0;0;0;0;0;0;0
2428;0;0;0;0;0;0;0;0;0;0;0;0;0
2429;0;0;0;0;0;0;0;0;0;0;0;0;0
2430;0;0;0;0;0;0;0;0;0;0;0;0;0
2431;0;0;0;0;0;0;0;0;0;0;0;0;0
2432;0;0;0;0;0;0;0;0;0;0;0;0;0
2433;0;0;0;0;0;0;0;0;0;0;0;0;0
2434;0;0;0;0;0;0;0;0;0;0;0;0;0
2435;0;0;0;0;0;0;0;0;0;0;0;0;0
2436;0;0;0;0;0;0;0;0;0;0;0;0;0
2437;0;0;0;0;0;0;0;0;0;0;0;0;0
2438;0;0;0;0;0;0;0;0;0;0;0;0;0
2439;0;0;0;0;0;0;0;0;0;0;0;0;0
2440;0;0;0;0;0;0;0;0;0;0;0;0;0
2441;0;0;0;0;0;0;0;0;0;0;0;0;0
2442;0;0;0;0;0;0;0;0;0;0;0;0;0
2443;0;0;0;0;0;0;0;0;0;0;0;0;0
2444;0;0;0;0;0;0;0;0;0;0;0;0;0
2445;0;0;0;0;0;0;0;0;0;0;0;0;0
2446;0;0;0;0;0;0;0;0;0;0;0;0;0
2447;0;0;0;0;0;0;0;0;0;0;0;0;0
2448;0;0;0;0;0;0;0;0;0;0;0;0;0
2449;0;0;0;0;0;0;0;0;0;0;0;0;0
2450;0;0;0;0;0;0;0;0;0;0;0;0;0
2451;0;0;0;0;0;0;0;0;0;0;0;0;0
2452;0;0;0;0;0;0;0;0;0;0;0;0;0
2453;0;0;0;0;0;0;0;0;0;0;0;0;0
2454;0;0;0;0;0;0;0;0;0;0;0;0;0
2455;0;0;0;0;0;0;0;0;0;0;0;0;0
2456;0;0;0;0;0;0;0;0;0;0;0;0;0
2457;0;0;0;0;0;0;0;0;0;0;0;0;0
2458;0;0;0;0;0;0;0;0;0;0;0;0;0
2459;0;0;0;0;0;0;0;0;0;0;0;0;0
2460;0;0;0;0;0;0;0;0;0;0;0;0;0
2461;0;0;0;0;0;0;0;0;0;0;0;0;0
2462;0;0;0;0;0;0;0;0;0;0;0;0;0
2463;0;0;0;0;0;0;0;0;0;0;0;0;0
2464;0;0;0;0;0;0;0;0;0;0;0;0;0
2465;0;0;0;0;0;0;0;0;0;0;0;0;0
2466;0;0;0;0;0;0;0;0;0;0;0;0;0
2467;0;0;0;0;0;0;0;0;0;0;0;0;0
2468;0;0;0;0;0;0;0;0;0;0;0;0;0
2469;0;0;0;0;0;0;0;0;0;0;0;0;0
2470;0;0;0;0;0;0;0;0;0;0;0;0;0
2471;0;0;0;0;0;0;0;0;0;0;0;0;0
2472;0;0;0;0;0;0;0;0;0;0;0;0;0
2473;0;0;0;0;0;0;0;0;0;0;0;0;0
2474;0;0;0;0;0;0;0;0;0;0;0;0;0
2475;0;0;0;0;0;0;0;0;0;0;0;0;0
2476;0;0;0;0;0;0;0;0;0;0;0;0;0
2477;0;0;0;0;0;0;0;0;0;0;0;0;0
2478;0;0;0;0;0;0;0;0;0;0;0;0;0
2479;0;0;0;0;0;0;0;0;0;0;0;0;0
2480;0;0;0;0;0;0;0;0;0;0;0;0;0
2481;0;0;0;0;0;0;0;0;0;0;0;0;0
2482;0;0;0;0;0;0;0;0;0;0;0;0;0
2483;0;0;0;0;0;0;0;0;0;0;0;0;0
2484;0;0;0;0;0;0;0;0;0;0;0;0;0
2485;0;0;0;0;0;0;0;0;0;0;0;0;0
2486;0;0;0;0;0;0;0;0;0;0;0;0;0
2487;0;0;0;0;0;0;0;0;0;0;0;0;0
2488;0;0;0;0;0;0;0;0;0;0;0;0;0
2489;0;0;0;0;0;0;0;0;0;0;0;0;0
2490;0;0;0;0;0;0;0;0;0;0;0;0;0
2491;0;0;0;0;0;0;0;0;0;0;0;0;0
2492;0;0;0;0;0;0;0;0;0;0;0;0;0
2493;0;0;0;0;0;0;0;0;0;0;0;0;0
2494;0;0;0;0;0;0;0;0;0;0;0;0;0
2495;0;0;0;0;0;0;0;0;0;0;0;0;0
2496;0;0;0;0;0;0;0;0;0;0;0;0;0
2497;0;0;0;0;0;0;0;0;0;0;0;0;0
2498;0;0;0;0;0;0;0;0;0;0;0;0;0
2499;0;0;0;0;0;0;0;0;0;0;0;0;0
2500;0;0;0;0;0;0;0;0;0;0;0;0;0
2501;0;0;0;0;0;0;0;0;0;0;0;0;0
2502;0;0;0;0;0;0;0;0;0;0;0;0;0
2503;0;0;0;0;0;0;0;0;0;0;0;0;0
2504;0;0;0;0;0;0;0;0;0;0;0;0;0
2505;0;0;0;0;0;0;0;0;0;0;0;0;0
2506;0;0;0;0;0;0;0;0;0;0;0;0;0
2507;0;0;0;0;0;0;0;0;0;0;0;0;0
2508;0;0;0;0;0;0;0;0;0;0;0;0;0
2509;0;0;0;0;0;0;0;0;0;0;0;0;0
2510;0;0;0;0;0;0;0;0;0;0;0;0;0
2511;0;0;0;0;0;0;0;0;0;0;0;0;0
2512;0;0;0;0;0;0;0;0;0;0;0;0;0
2513;0;0;0;0;0;0;0;0;0;0;0;0;0
2514;0;0;0;0;0;0;0;0;0;0;0;0;0
2515;0;0;0;0;0;0;0;0;0;0;0;0;0
2516;0;0;0;0;0;0;0;0;0;0;0;0;0
2517;0;0;0;0;0;0;0;0;0;0;0;0;0
2518;0;0;0;0;0;0;0;0;0;0;0;0;0
2519;0;0;0;0;0;0;0;0;0;0;0;0;0
2520;0;0;0;0;0;0;0;0;0;0;0;0;0
2521;0;0;0;0;0;0;0;0;0;0;0;0;0
2522;0;0;0;0;0;0;0;0;0;0;0;0;0
2523;0;0;0;0;0;0;0;0;0;0;0;0;0
2524;0;0;0;0;0;0;0;0;0;0;0;0;0
2525;0;0;0;0;0;0;0;0;0;0;0;0;0
2526;0;0;0;0;0;0;0;0;0;0;0;0;0
2527;0;0;0;0;0;0;0;0;0;0;0;0;0
2528;0;0;0;0;0;0;0;0;0;0;0;0;0
2529;0;0;0;0;0;0;0;0;0;0;0;0;0
2530;0;0;0;0;0;0;0;0;0;0;0;0;0
2531;0;0;0;0;0;0;0;0;0;0;0;0;0
2532;0;0;0;0;0;0;0;0;0;0;0;0;0
2533;0;0;0;0;0;0;0;0;0;0;0;0;0
2534;0;0;0;0;0;0;0;0;0;0;0;0;0
2535;0;0;0;0;0;0;0;0;0;0;0;0;0
2536;0;0;0;0;0;0;0;0;0;0;0;0;0
2537;0;0;0;0;0;0;0;0;0;0;0;0;0
2538;0;0;0;0;0;0;0;0;0;0;0;0;0
2539;0;0;0;0;0;0;0;0;0;0;0;0;0
2540;0;0;0;0;0;0;0;0;0;0;0;0;0
2541;0;0;0;0;0;0;0;0;0;0;0;0;0
2542;0;0;0;0;0;0;0;0;0;0;0;0;0
2543;0;0;0;0;0;0;0;0;0;0;0;0;0
2544;0;0;0;0;0;0;0;0;0;0;0;0;0
2545;0;0;0;0;0;0;0;0;0;0;0;0;0
2546;0;0;0;0;0;0;0;0;0;0;0;0;0
2547;0;0;0;0;0;0;0;0;0;0;0;0;0
2548;0;0;0;0;0;0;0;0;0;0;0;0;0
2549;0;0;0;0;0;0;0;0;0;0;0;0;0
2550;0;0;0;0;0;0;0;0;0;0;0;0;0
2551;0;0;0;0;0;0;0;0;0;0;0;0;0
2552;0;0;0;0;0;0;0;0;0;0;0;0;0
2553;0;0;0;0;0;0;0;0;0;0;0;0;0
2554;0;0;0;0;0;0;0;0;0;0;0;0;0
2555;0;0;0;0;0;0;0;0;0;0;0;0;0
2556;0;0;0;0;0;0;0;0;0;0;0;0;0
2557;0;0;0;0;0;0;0;0;0;0;0;0;0
2558;0;0;0;0;0;0;0;0;0;0;0;0;0
2559;0;0;0;0;0;0;0;0;0;0;0;0;0
2560;0;0;0;0;0;0;0;0;0;0;0;0;0
2561;0;0;0;0;0;0;0;0;0;0;0;0;0
2562;0;0;0;0;0;0;0;0;0;0;0;0;0
2563;0;0;0;0;0;0;0;0;0;0;0;0;0
2564;0;0;0;0;0;0;0;0;0;0;0;0;0
2565;0;0;0;0;0;0;0;0;0;0;0;0;0
2566;0;0;0;0;0;0;0;0;0;0;0;0;0
2567;0;0;0;0;0;0;0;0;0;0;0;0;0
2568;0;0;0;0;0;0;0;0;0;0;0;0;0
2569;0;0;0;0;0;0;0;0;0;0;0;0;0
2570;0;0;0;0;0;0;0;0;0;0;0;0;0
2571;0;0;0;0;0;0;0;0;0;0;0;0;0
2572;0;0;0;0;0;0;0;0;0;0;0;0;0
2573;0;0;0;0;0;0;0;0;0;0;0;0;0
2574;0;0;0;0;0;0;0;0;0;0;0;0;0
2575;0;0;0;0;0;0;0;0;0;0;0;0;0
2576;0;0;0;0;0;0;0;0;0;0;0;0;0
2577;0;0;0;0;0;0;0;0;0;0;0;0;0
2578;0;0;0;0;0;0;0;0;0;0;0;0;0
2579;0;0;0;0;0;0;0;0;0;0;0;0;0
2580;0;0;0;0;0;0;0;0;0;0;0;0;0
2581;0;0;0;0;0;0;0;0;0;0;0;0;0
2582;0;0;0;0;0;0;0;0;0;0;0;0;0
2583;0;0;0;0;0;0;0;0;0;0;0;0;0
2584;0;0;0;0;0;0;0;0;0;0;0;0;0
2585;0;0;0;0;0;0;0;0;0;0;0;0;0
2586;0;0;0;0;0;0;0;0;0;0;0;0;0
2587;0;0;0;0;0;0;0;0;0;0;0;0;0
2588;0;0;0;0;0;0;0;0;0;0;0;0;0
2589;0;0;0;0;0;0;0;0;0;0;0;0;0
2590;0;0;0;0;0;0;0;0;0;0;0;0;0
2591;0;0;0;0;0;0;0;0;0;0;0;0;0
2592;0;0;0;0;0;0;0;0;0;0;0;0;0
2593;0;0;0;0;0;0;0;0;0;0;0;0;0
2594;0;0;0;0;0;0;0;0;0;0;0;0;0
2595;0;0;0;0;0;0;0;0;0;0;0;0;0
2596;0;0;0;0;0;0;0;0;0;0;0;0;0
2597;0;0;0;0;0;0;0;0;0;0;0;0;0
2598;0;0;0;0;0;0;0;0;0;0;0;0;0
2599;0;0;0;0;0;0;0;0;0;0;0;0;0
2600;0;0;0;0;0;0;0;0;0;0;0;0;0
